{"level":"error","message":"Auth middleware error:","service":"rider-service","timestamp":"2026-08-06 09:38:05"}
{"level":"info","message":"OTP generated for rider email: rider@example.com","service":"rider-service","timestamp":"2026-08-06 09:38:06"}
{"level":"info","message":"Delivery OTP generated for order: order-123","service":"rider-service","timestamp":"2026-08-06 09:38:06"}
{"level":"info","message":"OTP generated for rider email: rider@example.com","service":"rider-service","timestamp":"2026-08-06 09:38:06"}
{"level":"info","message":"OTP verified successfully for rider email: rider@example.com","service":"rider-service","timestamp":"2026-08-06 09:38:06"}
{"level":"info","message":"OTP generated for rider email: rider@example.com","service":"rider-service","timestamp":"2026-08-06 09:38:06"}
{"level":"warn","message":"Invalid OTP attempt for rider email: rider@example.com","service":"rider-service","timestamp":"2026-08-06 09:38:06"}
{"level":"info","message":"OTP generated for rider email: rider@example.com","service":"rider-service","timestamp":"2026-08-06 09:38:06"}
{"level":"warn","message":"Invalid OTP attempt for rider email: rider@example.com","service":"rider-service","timestamp":"2026-08-06 09:38:06"}
{"level":"warn","message":"Invalid OTP attempt for rider email: rider@example.com","service":"rider-service","timestamp":"2026-08-06 09:38:06"}
{"level":"warn","message":"Invalid OTP attempt for rider email: rider@example.com","service":"rider-service","timestamp":"2026-08-06 09:38:06"}
{"level":"warn","message":"Invalid OTP attempt for rider email: rider@example.com","service":"rider-service","timestamp":"2026-08-06 09:38:06"}
{"level":"warn","message":"Invalid OTP attempt for rider email: rider@example.com","service":"rider-service","timestamp":"2026-08-06 09:38:06"}
{"level":"warn","message":"OTP brute force detected for rider email: rider@example.com. OTP deleted.","service":"rider-service","timestamp":"2026-08-06 09:38:06"}
{"level":"warn","message":"OTP not found or expired for rider email: nobody@example.com","service":"rider-service","timestamp":"2026-08-06 09:38:06"}
{"level":"info","message":"Delivery OTP generated for order: order-123","service":"rider-service","timestamp":"2026-08-06 09:38:06"}
{"level":"info","message":"Delivery OTP verified successfully for order: order-123","service":"rider-service","timestamp":"2026-08-06 09:38:06"}
{"level":"info","message":"Delivery OTP generated for order: order-123","service":"rider-service","timestamp":"2026-08-06 09:38:06"}
{"level":"warn","message":"Invalid delivery OTP attempt for order: order-123","service":"rider-service","timestamp":"2026-08-06 09:38:06"}
{"level":"error","message":"Auth middleware error:","service":"rider-service","timestamp":"2026-08-06 11:08:30"}
{"level":"info","message":"OTP generated for rider email: rider@example.com","service":"rider-service","timestamp":"2026-08-06 11:08:31"}
{"level":"info","message":"Delivery OTP generated for order: order-123","service":"rider-service","timestamp":"2026-08-06 11:08:31"}
{"level":"info","message":"OTP generated for rider email: rider@example.com","service":"rider-service","timestamp":"2026-08-06 11:08:31"}
{"level":"info","message":"OTP verified successfully for rider email: rider@example.com","service":"rider-service","timestamp":"2026-08-06 11:08:31"}
{"level":"info","message":"OTP generated for rider email: rider@example.com","service":"rider-service","timestamp":"2026-08-06 11:08:31"}
{"level":"warn","message":"Invalid OTP attempt for rider email: rider@example.com","service":"rider-service","timestamp":"2026-08-06 11:08:31"}
{"level":"info","message":"OTP generated for rider email: rider@example.com","service":"rider-service","timestamp":"2026-08-06 11:08:31"}
{"level":"warn","message":"Invalid OTP attempt for rider email: rider@example.com","service":"rider-service","timestamp":"2026-08-06 11:08:31"}
{"level":"warn","message":"Invalid OTP attempt for rider email: rider@example.com","service":"rider-service","timestamp":"2026-08-06 11:08:31"}
{"level":"warn","message":"Invalid OTP attempt for rider email: rider@example.com","service":"rider-service","timestamp":"2026-08-06 11:08:31"}
{"level":"warn","message":"Invalid OTP attempt for rider email: rider@example.com","service":"rider-service","timestamp":"2026-08-06 11:08:31"}
{"level":"warn","message":"Invalid OTP attempt for rider email: rider@example.com","service":"rider-service","timestamp":"2026-08-06 11:08:31"}
{"level":"warn","message":"OTP brute force detected for rider email: rider@example.com. OTP deleted.","service":"rider-service","timestamp":"2026-08-06 11:08:31"}
{"level":"warn","message":"OTP not found or expired for rider email: nobody@example.com","service":"rider-service","timestamp":"2026-08-06 11:08:31"}
{"level":"info","message":"Delivery OTP generated for order: order-123","service":"rider-service","timestamp":"2026-08-06 11:08:31"}
{"level":"info","message":"Delivery OTP verified successfully for order: order-123","service":"rider-service","timestamp":"2026-08-06 11:08:31"}
{"level":"info","message":"Delivery OTP generated for order: order-123","service":"rider-service","timestamp":"2026-08-06 11:08:31"}
{"level":"warn","message":"Invalid delivery OTP attempt for order: order-123","service":"rider-service","timestamp":"2026-08-06 11:08:31"}
{"level":"error","message":"Auth middleware error:","service":"rider-service","timestamp":"2026-08-06 11:08:47"}
{"level":"info","message":"OTP generated for rider email: rider@example.com","service":"rider-service","timestamp":"2026-08-06 11:08:47"}
{"level":"info","message":"Delivery OTP generated for order: order-123","service":"rider-service","timestamp":"2026-08-06 11:08:47"}
{"level":"info","message":"OTP generated for rider email: rider@example.com","service":"rider-service","timestamp":"2026-08-06 11:08:47"}
{"level":"info","message":"OTP verified successfully for rider email: rider@example.com","service":"rider-service","timestamp":"2026-08-06 11:08:47"}
{"level":"info","message":"OTP generated for rider email: rider@example.com","service":"rider-service","timestamp":"2026-08-06 11:08:47"}
{"level":"warn","message":"Invalid OTP attempt for rider email: rider@example.com","service":"rider-service","timestamp":"2026-08-06 11:08:47"}
{"level":"info","message":"OTP generated for rider email: rider@example.com","service":"rider-service","timestamp":"2026-08-06 11:08:47"}
{"level":"warn","message":"Invalid OTP attempt for rider email: rider@example.com","service":"rider-service","timestamp":"2026-08-06 11:08:47"}
{"level":"warn","message":"Invalid OTP attempt for rider email: rider@example.com","service":"rider-service","timestamp":"2026-08-06 11:08:47"}
{"level":"warn","message":"Invalid OTP attempt for rider email: rider@example.com","service":"rider-service","timestamp":"2026-08-06 11:08:47"}
{"level":"warn","message":"Invalid OTP attempt for rider email: rider@example.com","service":"rider-service","timestamp":"2026-08-06 11:08:47"}
{"level":"warn","message":"Invalid OTP attempt for rider email: rider@example.com","service":"rider-service","timestamp":"2026-08-06 11:08:47"}
{"level":"warn","message":"OTP brute force detected for rider email: rider@example.com. OTP deleted.","service":"rider-service","timestamp":"2026-08-06 11:08:47"}
{"level":"warn","message":"OTP not found or expired for rider email: nobody@example.com","service":"rider-service","timestamp":"2026-08-06 11:08:47"}
{"level":"info","message":"Delivery OTP generated for order: order-123","service":"rider-service","timestamp":"2026-08-06 11:08:47"}
{"level":"info","message":"Delivery OTP verified successfully for order: order-123","service":"rider-service","timestamp":"2026-08-06 11:08:47"}
{"level":"info","message":"Delivery OTP generated for order: order-123","service":"rider-service","timestamp":"2026-08-06 11:08:47"}
{"level":"warn","message":"Invalid delivery OTP attempt for order: order-123","service":"rider-service","timestamp":"2026-08-06 11:08:47"}
{"level":"error","message":"Auth middleware error:","service":"rider-service","timestamp":"2026-08-06 11:09:49"}
{"level":"info","message":"OTP generated for rider email: rider@example.com","service":"rider-service","timestamp":"2026-08-06 11:09:49"}
{"level":"info","message":"Delivery OTP generated for order: order-123","service":"rider-service","timestamp":"2026-08-06 11:09:49"}
{"level":"info","message":"OTP generated for rider email: rider@example.com","service":"rider-service","timestamp":"2026-08-06 11:09:49"}
{"level":"info","message":"OTP verified successfully for rider email: rider@example.com","service":"rider-service","timestamp":"2026-08-06 11:09:49"}
{"level":"info","message":"OTP generated for rider email: rider@example.com","service":"rider-service","timestamp":"2026-08-06 11:09:49"}
{"level":"warn","message":"Invalid OTP attempt for rider email: rider@example.com","service":"rider-service","timestamp":"2026-08-06 11:09:49"}
{"level":"info","message":"OTP generated for rider email: rider@example.com","service":"rider-service","timestamp":"2026-08-06 11:09:49"}
{"level":"warn","message":"Invalid OTP attempt for rider email: rider@example.com","service":"rider-service","timestamp":"2026-08-06 11:09:49"}
{"level":"warn","message":"Invalid OTP attempt for rider email: rider@example.com","service":"rider-service","timestamp":"2026-08-06 11:09:49"}
{"level":"warn","message":"Invalid OTP attempt for rider email: rider@example.com","service":"rider-service","timestamp":"2026-08-06 11:09:49"}
{"level":"warn","message":"Invalid OTP attempt for rider email: rider@example.com","service":"rider-service","timestamp":"2026-08-06 11:09:49"}
{"level":"warn","message":"Invalid OTP attempt for rider email: rider@example.com","service":"rider-service","timestamp":"2026-08-06 11:09:49"}
{"level":"warn","message":"OTP brute force detected for rider email: rider@example.com. OTP deleted.","service":"rider-service","timestamp":"2026-08-06 11:09:49"}
{"level":"warn","message":"OTP not found or expired for rider email: nobody@example.com","service":"rider-service","timestamp":"2026-08-06 11:09:49"}
{"level":"info","message":"Delivery OTP generated for order: order-123","service":"rider-service","timestamp":"2026-08-06 11:09:49"}
{"level":"info","message":"Delivery OTP verified successfully for order: order-123","service":"rider-service","timestamp":"2026-08-06 11:09:49"}
{"level":"info","message":"Delivery OTP generated for order: order-123","service":"rider-service","timestamp":"2026-08-06 11:09:49"}
{"level":"warn","message":"Invalid delivery OTP attempt for order: order-123","service":"rider-service","timestamp":"2026-08-06 11:09:49"}
{"level":"info","message":"Redis connected","service":"rider-service","timestamp":"2026-08-08 14:42:20"}
{"level":"info","message":"Redis ready","service":"rider-service","timestamp":"2026-08-08 14:42:20"}
{"level":"info","message":"MongoDB connected","service":"rider-service","timestamp":"2026-08-08 14:42:22"}
{"level":"info","message":"RabbitMQ connected","service":"rider-service","timestamp":"2026-08-08 14:42:22"}
{"level":"info","message":"Rider service running on port 7011","service":"rider-service","timestamp":"2026-08-08 14:42:22"}
{"level":"info","message":"Redis connected","service":"rider-service","timestamp":"2026-08-08 14:50:14"}
{"level":"info","message":"Redis ready","service":"rider-service","timestamp":"2026-08-08 14:50:14"}
{"level":"info","message":"Redis connected","service":"rider-service","timestamp":"2026-08-08 20:14:27"}
{"level":"info","message":"Redis ready","service":"rider-service","timestamp":"2026-08-08 20:14:27"}
{"level":"info","message":"MongoDB connected","service":"rider-service","timestamp":"2026-08-08 20:14:28"}
{"level":"info","message":"RabbitMQ connected","service":"rider-service","timestamp":"2026-08-08 20:14:28"}
{"level":"info","message":"Rider service running on port 7011","service":"rider-service","timestamp":"2026-08-08 20:14:28"}
{"level":"error","message":"Auth middleware error:","service":"rider-service","timestamp":"2026-08-08 20:54:13"}
{"level":"info","message":"OTP generated for rider email: rider@example.com","service":"rider-service","timestamp":"2026-08-08 20:54:14"}
{"level":"info","message":"Delivery OTP generated for order: order-123","service":"rider-service","timestamp":"2026-08-08 20:54:14"}
{"level":"info","message":"OTP generated for rider email: rider@example.com","service":"rider-service","timestamp":"2026-08-08 20:54:14"}
{"level":"info","message":"OTP verified successfully for rider email: rider@example.com","service":"rider-service","timestamp":"2026-08-08 20:54:14"}
{"level":"info","message":"OTP generated for rider email: rider@example.com","service":"rider-service","timestamp":"2026-08-08 20:54:14"}
{"level":"warn","message":"Invalid OTP attempt for rider email: rider@example.com","service":"rider-service","timestamp":"2026-08-08 20:54:14"}
{"level":"info","message":"OTP generated for rider email: rider@example.com","service":"rider-service","timestamp":"2026-08-08 20:54:14"}
{"level":"warn","message":"Invalid OTP attempt for rider email: rider@example.com","service":"rider-service","timestamp":"2026-08-08 20:54:14"}
{"level":"warn","message":"Invalid OTP attempt for rider email: rider@example.com","service":"rider-service","timestamp":"2026-08-08 20:54:14"}
{"level":"warn","message":"Invalid OTP attempt for rider email: rider@example.com","service":"rider-service","timestamp":"2026-08-08 20:54:14"}
{"level":"warn","message":"Invalid OTP attempt for rider email: rider@example.com","service":"rider-service","timestamp":"2026-08-08 20:54:14"}
{"level":"warn","message":"Invalid OTP attempt for rider email: rider@example.com","service":"rider-service","timestamp":"2026-08-08 20:54:14"}
{"level":"warn","message":"OTP brute force detected for rider email: rider@example.com. OTP deleted.","service":"rider-service","timestamp":"2026-08-08 20:54:14"}
{"level":"warn","message":"OTP not found or expired for rider email: nobody@example.com","service":"rider-service","timestamp":"2026-08-08 20:54:14"}
{"level":"info","message":"Delivery OTP generated for order: order-123","service":"rider-service","timestamp":"2026-08-08 20:54:14"}
{"level":"info","message":"Delivery OTP verified successfully for order: order-123","service":"rider-service","timestamp":"2026-08-08 20:54:14"}
{"level":"info","message":"Delivery OTP generated for order: order-123","service":"rider-service","timestamp":"2026-08-08 20:54:14"}
{"level":"warn","message":"Invalid delivery OTP attempt for order: order-123","service":"rider-service","timestamp":"2026-08-08 20:54:14"}
{"level":"info","message":"OTP generated for rider email: choosemood34@gmail.com","service":"rider-service","timestamp":"2026-08-08 21:41:32"}
{"level":"info","message":"OTP email queued for rider: choosemood34@gmail.com","service":"rider-service","timestamp":"2026-08-08 21:41:32"}
{"level":"info","message":"OTP verified successfully for rider email: choosemood34@gmail.com","service":"rider-service","timestamp":"2026-08-08 21:41:56"}
{"level":"info","message":"New rider registered: choosemood34@gmail.com (pending approval)","service":"rider-service","timestamp":"2026-08-08 21:42:36"}
{"level":"info","message":"Rider approved: choosemood34@gmail.com","service":"rider-service","timestamp":"2026-08-08 21:42:45"}
{"level":"info","message":"Redis connected","service":"rider-service","timestamp":"2026-08-08 22:05:54"}
{"level":"info","message":"Redis ready","service":"rider-service","timestamp":"2026-08-08 22:05:54"}
{"level":"info","message":"MongoDB connected","service":"rider-service","timestamp":"2026-08-08 22:05:56"}
{"level":"info","message":"RabbitMQ connected","service":"rider-service","timestamp":"2026-08-08 22:05:56"}
{"level":"info","message":"Rider service running on port 7011","service":"rider-service","timestamp":"2026-08-08 22:05:56"}
{"level":"info","message":"Redis connected","service":"rider-service","timestamp":"2026-08-09 08:04:23"}
{"level":"info","message":"Redis ready","service":"rider-service","timestamp":"2026-08-09 08:04:23"}
{"level":"info","message":"MongoDB connected","service":"rider-service","timestamp":"2026-08-09 08:04:24"}
{"level":"info","message":"RabbitMQ connected","service":"rider-service","timestamp":"2026-08-09 08:04:24"}
{"level":"info","message":"Rider service running on port 7011","service":"rider-service","timestamp":"2026-08-09 08:04:24"}
{"level":"info","message":"Redis connected","service":"rider-service","timestamp":"2026-08-09 08:50:02"}
{"level":"info","message":"Redis ready","service":"rider-service","timestamp":"2026-08-09 08:50:03"}
{"level":"info","message":"MongoDB connected","service":"rider-service","timestamp":"2026-08-09 08:50:05"}
{"level":"info","message":"RabbitMQ connected","service":"rider-service","timestamp":"2026-08-09 08:50:05"}
{"level":"info","message":"Rider service running on port 7011","service":"rider-service","timestamp":"2026-08-09 08:50:05"}
{"level":"info","message":"Redis connected","service":"rider-service","timestamp":"2026-08-09 08:50:06"}
{"level":"info","message":"Redis ready","service":"rider-service","timestamp":"2026-08-09 08:50:06"}
{"level":"info","message":"MongoDB connected","service":"rider-service","timestamp":"2026-08-09 08:50:10"}
{"level":"info","message":"RabbitMQ connected","service":"rider-service","timestamp":"2026-08-09 08:50:10"}
{"level":"info","message":"Rider service running on port 7011","service":"rider-service","timestamp":"2026-08-09 08:50:10"}
{"level":"info","message":"Redis connected","service":"rider-service","timestamp":"2026-08-09 13:19:15"}
{"level":"info","message":"Redis ready","service":"rider-service","timestamp":"2026-08-09 13:19:15"}
{"level":"info","message":"MongoDB connected","service":"rider-service","timestamp":"2026-08-09 13:19:16"}
{"level":"info","message":"RabbitMQ connected","service":"rider-service","timestamp":"2026-08-09 13:19:16"}
{"level":"info","message":"Rider service running on port 7011","service":"rider-service","timestamp":"2026-08-09 13:19:16"}
{"level":"info","message":"Redis connected","service":"rider-service","timestamp":"2026-08-09 13:19:46"}
{"level":"info","message":"Redis ready","service":"rider-service","timestamp":"2026-08-09 13:19:46"}
{"level":"info","message":"MongoDB connected","service":"rider-service","timestamp":"2026-08-09 13:19:47"}
{"level":"info","message":"RabbitMQ connected","service":"rider-service","timestamp":"2026-08-09 13:19:47"}
{"body":"{\\","expose":true,"level":"error","message":"Unhandled error: Expected property name or '}' in JSON at position 1 (line 1 column 2)","service":"rider-service","stack":"SyntaxError: Expected property name or '}' in JSON at position 1 (line 1 column 2)\n    at JSON.parse (<anonymous>)\n    at parse (C:\\Users\\sande\\Desktop\\choosemood\\backend\\rider-services\\node_modules\\body-parser\\lib\\types\\json.js:96:19)\n    at C:\\Users\\sande\\Desktop\\choosemood\\backend\\rider-services\\node_modules\\body-parser\\lib\\read.js:128:18\n    at AsyncResource.runInAsyncScope (node:async_hooks:227:14)\n    at invokeCallback (C:\\Users\\sande\\Desktop\\choosemood\\backend\\rider-services\\node_modules\\raw-body\\index.js:238:16)\n    at done (C:\\Users\\sande\\Desktop\\choosemood\\backend\\rider-services\\node_modules\\raw-body\\index.js:227:7)\n    at IncomingMessage.onEnd (C:\\Users\\sande\\Desktop\\choosemood\\backend\\rider-services\\node_modules\\raw-body\\index.js:287:7)\n    at IncomingMessage.emit (node:events:509:28)\n    at endReadableNT (node:internal/streams/readable:1736:12)\n    at process.processTicksAndRejections (node:internal/process/task_queues:90:21)","status":400,"statusCode":400,"timestamp":"2026-08-09 14:13:29","type":"entity.parse.failed"}
{"body":"{\\","expose":true,"level":"error","message":"Unhandled error: Expected property name or '}' in JSON at position 1 (line 1 column 2)","service":"rider-service","stack":"SyntaxError: Expected property name or '}' in JSON at position 1 (line 1 column 2)\n    at JSON.parse (<anonymous>)\n    at parse (C:\\Users\\sande\\Desktop\\choosemood\\backend\\rider-services\\node_modules\\body-parser\\lib\\types\\json.js:96:19)\n    at C:\\Users\\sande\\Desktop\\choosemood\\backend\\rider-services\\node_modules\\body-parser\\lib\\read.js:128:18\n    at AsyncResource.runInAsyncScope (node:async_hooks:227:14)\n    at invokeCallback (C:\\Users\\sande\\Desktop\\choosemood\\backend\\rider-services\\node_modules\\raw-body\\index.js:238:16)\n    at done (C:\\Users\\sande\\Desktop\\choosemood\\backend\\rider-services\\node_modules\\raw-body\\index.js:227:7)\n    at IncomingMessage.onEnd (C:\\Users\\sande\\Desktop\\choosemood\\backend\\rider-services\\node_modules\\raw-body\\index.js:287:7)\n    at IncomingMessage.emit (node:events:509:28)\n    at endReadableNT (node:internal/streams/readable:1736:12)\n    at process.processTicksAndRejections (node:internal/process/task_queues:90:21)","status":400,"statusCode":400,"timestamp":"2026-08-09 14:13:56","type":"entity.parse.failed"}
{"level":"info","message":"Redis connected","service":"rider-service","timestamp":"2026-08-09 14:14:59"}
{"level":"info","message":"Redis ready","service":"rider-service","timestamp":"2026-08-09 14:14:59"}
{"level":"info","message":"MongoDB connected","service":"rider-service","timestamp":"2026-08-09 14:15:00"}
{"level":"info","message":"RabbitMQ connected","service":"rider-service","timestamp":"2026-08-09 14:15:00"}
{"level":"info","message":"Rider service running on port 7011","service":"rider-service","timestamp":"2026-08-09 14:15:00"}
{"body":"{orderId:x,riderId:y}","expose":true,"level":"error","message":"Unhandled error: Expected property name or '}' in JSON at position 1 (line 1 column 2)","service":"rider-service","stack":"SyntaxError: Expected property name or '}' in JSON at position 1 (line 1 column 2)\n    at JSON.parse (<anonymous>)\n    at parse (C:\\Users\\sande\\Desktop\\choosemood\\backend\\rider-services\\node_modules\\body-parser\\lib\\types\\json.js:96:19)\n    at C:\\Users\\sande\\Desktop\\choosemood\\backend\\rider-services\\node_modules\\body-parser\\lib\\read.js:128:18\n    at AsyncResource.runInAsyncScope (node:async_hooks:227:14)\n    at invokeCallback (C:\\Users\\sande\\Desktop\\choosemood\\backend\\rider-services\\node_modules\\raw-body\\index.js:238:16)\n    at done (C:\\Users\\sande\\Desktop\\choosemood\\backend\\rider-services\\node_modules\\raw-body\\index.js:227:7)\n    at IncomingMessage.onEnd (C:\\Users\\sande\\Desktop\\choosemood\\backend\\rider-services\\node_modules\\raw-body\\index.js:287:7)\n    at IncomingMessage.emit (node:events:509:28)\n    at endReadableNT (node:internal/streams/readable:1736:12)\n    at process.processTicksAndRejections (node:internal/process/task_queues:90:21)","status":400,"statusCode":400,"timestamp":"2026-08-09 14:17:51","type":"entity.parse.failed"}
{"body":"{orderId:x,riderId:y}","expose":true,"level":"error","message":"Unhandled error: Expected property name or '}' in JSON at position 1 (line 1 column 2)","service":"rider-service","stack":"SyntaxError: Expected property name or '}' in JSON at position 1 (line 1 column 2)\n    at JSON.parse (<anonymous>)\n    at parse (C:\\Users\\sande\\Desktop\\choosemood\\backend\\rider-services\\node_modules\\body-parser\\lib\\types\\json.js:96:19)\n    at C:\\Users\\sande\\Desktop\\choosemood\\backend\\rider-services\\node_modules\\body-parser\\lib\\read.js:128:18\n    at AsyncResource.runInAsyncScope (node:async_hooks:227:14)\n    at invokeCallback (C:\\Users\\sande\\Desktop\\choosemood\\backend\\rider-services\\node_modules\\raw-body\\index.js:238:16)\n    at done (C:\\Users\\sande\\Desktop\\choosemood\\backend\\rider-services\\node_modules\\raw-body\\index.js:227:7)\n    at IncomingMessage.onEnd (C:\\Users\\sande\\Desktop\\choosemood\\backend\\rider-services\\node_modules\\raw-body\\index.js:287:7)\n    at IncomingMessage.emit (node:events:509:28)\n    at endReadableNT (node:internal/streams/readable:1736:12)\n    at process.processTicksAndRejections (node:internal/process/task_queues:90:21)","status":400,"statusCode":400,"timestamp":"2026-08-09 14:17:51","type":"entity.parse.failed"}
{"body":"{phone:9999999999}","expose":true,"level":"error","message":"Unhandled error: Expected property name or '}' in JSON at position 1 (line 1 column 2)","service":"rider-service","stack":"SyntaxError: Expected property name or '}' in JSON at position 1 (line 1 column 2)\n    at JSON.parse (<anonymous>)\n    at parse (C:\\Users\\sande\\Desktop\\choosemood\\backend\\rider-services\\node_modules\\body-parser\\lib\\types\\json.js:96:19)\n    at C:\\Users\\sande\\Desktop\\choosemood\\backend\\rider-services\\node_modules\\body-parser\\lib\\read.js:128:18\n    at AsyncResource.runInAsyncScope (node:async_hooks:227:14)\n    at invokeCallback (C:\\Users\\sande\\Desktop\\choosemood\\backend\\rider-services\\node_modules\\raw-body\\index.js:238:16)\n    at done (C:\\Users\\sande\\Desktop\\choosemood\\backend\\rider-services\\node_modules\\raw-body\\index.js:227:7)\n    at IncomingMessage.onEnd (C:\\Users\\sande\\Desktop\\choosemood\\backend\\rider-services\\node_modules\\raw-body\\index.js:287:7)\n    at IncomingMessage.emit (node:events:509:28)\n    at endReadableNT (node:internal/streams/readable:1736:12)\n    at process.processTicksAndRejections (node:internal/process/task_queues:90:21)","status":400,"statusCode":400,"timestamp":"2026-08-09 14:18:30","type":"entity.parse.failed"}
{"level":"info","message":"Redis connected","service":"rider-service","timestamp":"2026-08-09 14:18:56"}
{"level":"info","message":"Redis ready","service":"rider-service","timestamp":"2026-08-09 14:18:56"}
{"level":"info","message":"MongoDB connected","service":"rider-service","timestamp":"2026-08-09 14:18:57"}
{"level":"info","message":"RabbitMQ connected","service":"rider-service","timestamp":"2026-08-09 14:18:57"}
{"level":"info","message":"Rider service running on port 7011","service":"rider-service","timestamp":"2026-08-09 14:18:57"}
{"level":"info","message":"Redis connected","service":"rider-service","timestamp":"2026-08-09 14:21:24"}
{"level":"info","message":"Redis ready","service":"rider-service","timestamp":"2026-08-09 14:21:24"}
{"level":"info","message":"MongoDB connected","service":"rider-service","timestamp":"2026-08-09 14:21:25"}
{"level":"info","message":"RabbitMQ connected","service":"rider-service","timestamp":"2026-08-09 14:21:25"}
{"level":"info","message":"Redis connected","service":"rider-service","timestamp":"2026-08-09 14:21:33"}
{"level":"info","message":"Redis ready","service":"rider-service","timestamp":"2026-08-09 14:21:33"}
{"level":"info","message":"MongoDB connected","service":"rider-service","timestamp":"2026-08-09 14:21:34"}
{"level":"info","message":"RabbitMQ connected","service":"rider-service","timestamp":"2026-08-09 14:21:34"}
{"level":"info","message":"Redis connected","service":"rider-service","timestamp":"2026-08-09 14:22:51"}
{"level":"info","message":"Redis ready","service":"rider-service","timestamp":"2026-08-09 14:22:51"}
{"level":"info","message":"MongoDB connected","service":"rider-service","timestamp":"2026-08-09 14:22:52"}
{"level":"info","message":"RabbitMQ connected","service":"rider-service","timestamp":"2026-08-09 14:22:52"}
{"level":"info","message":"Redis connected","service":"rider-service","timestamp":"2026-08-09 14:23:00"}
{"level":"info","message":"Redis ready","service":"rider-service","timestamp":"2026-08-09 14:23:00"}
{"level":"info","message":"MongoDB connected","service":"rider-service","timestamp":"2026-08-09 14:23:00"}
{"level":"info","message":"RabbitMQ connected","service":"rider-service","timestamp":"2026-08-09 14:23:01"}
{"level":"info","message":"Redis connected","service":"rider-service","timestamp":"2026-08-09 14:23:17"}
{"level":"info","message":"Redis ready","service":"rider-service","timestamp":"2026-08-09 14:23:17"}
{"level":"info","message":"MongoDB connected","service":"rider-service","timestamp":"2026-08-09 14:23:17"}
{"level":"info","message":"RabbitMQ connected","service":"rider-service","timestamp":"2026-08-09 14:23:17"}
{"level":"info","message":"Redis connected","service":"rider-service","timestamp":"2026-08-09 14:23:28"}
{"level":"info","message":"Redis ready","service":"rider-service","timestamp":"2026-08-09 14:23:28"}
{"level":"info","message":"MongoDB connected","service":"rider-service","timestamp":"2026-08-09 14:23:29"}
{"level":"info","message":"RabbitMQ connected","service":"rider-service","timestamp":"2026-08-09 14:23:29"}
{"level":"info","message":"Redis connected","service":"rider-service","timestamp":"2026-08-09 14:29:59"}
{"level":"info","message":"Redis ready","service":"rider-service","timestamp":"2026-08-09 14:29:59"}
{"level":"info","message":"MongoDB connected","service":"rider-service","timestamp":"2026-08-09 14:30:00"}
{"level":"info","message":"RabbitMQ connected","service":"rider-service","timestamp":"2026-08-09 14:30:00"}
{"level":"info","message":"Rider service running on port 7011","service":"rider-service","timestamp":"2026-08-09 14:30:00"}
{"level":"warn","message":"fetchTrackingByOrderId returned 404: {\"success\":false,\"message\":\"Route not found\"}","service":"rider-service","timestamp":"2026-08-09 14:31:29"}
{"level":"info","message":"Order CM1786263083504813 assigned to rider sandeep","service":"rider-service","timestamp":"2026-08-09 14:31:29"}
{"level":"warn","message":"fetchTrackingByOrderId returned 404: {\"success\":false,\"message\":\"Route not found\"}","service":"rider-service","timestamp":"2026-08-09 14:31:38"}
{"level":"warn","message":"fetchTrackingByOrderId returned 404: {\"success\":false,\"message\":\"Route not found\"}","service":"rider-service","timestamp":"2026-08-09 14:31:39"}
{"level":"info","message":"Order CM1786264092697591 assigned to rider sandeep","service":"rider-service","timestamp":"2026-08-09 14:31:39"}
{"level":"warn","message":"fetchTrackingByOrderId returned 404: {\"success\":false,\"message\":\"Route not found\"}","service":"rider-service","timestamp":"2026-08-09 14:31:46"}
{"level":"warn","message":"fetchTrackingByOrderId returned 404: {\"success\":false,\"message\":\"Route not found\"}","service":"rider-service","timestamp":"2026-08-09 14:31:46"}
{"level":"warn","message":"fetchTrackingByOrderId returned 404: {\"success\":false,\"message\":\"Route not found\"}","service":"rider-service","timestamp":"2026-08-09 14:31:47"}
{"level":"warn","message":"fetchTrackingByOrderId returned 404: {\"success\":false,\"message\":\"Route not found\"}","service":"rider-service","timestamp":"2026-08-09 14:31:47"}
{"level":"warn","message":"fetchTrackingByOrderId returned 404: {\"success\":false,\"message\":\"Route not found\"}","service":"rider-service","timestamp":"2026-08-09 14:31:48"}
{"level":"warn","message":"fetchTrackingByOrderId returned 404: {\"success\":false,\"message\":\"Route not found\"}","service":"rider-service","timestamp":"2026-08-09 14:31:49"}
{"level":"warn","message":"fetchTrackingByOrderId returned 404: {\"success\":false,\"message\":\"Route not found\"}","service":"rider-service","timestamp":"2026-08-09 14:31:57"}
{"level":"warn","message":"No tracking found for order 6a783a1c273fbaa35946f8d4 — auto-creating","service":"rider-service","timestamp":"2026-08-09 14:31:57"}
{"level":"warn","message":"createTrackingForOrder rejected (401) for order 6a783a1c273fbaa35946f8d4: {\"success\":false,\"error\":\"Authentication required\",\"code\":\"NO_TOKEN\"}","service":"rider-service","timestamp":"2026-08-09 14:31:57"}
{"level":"warn","message":"Failed to auto-create tracking for order 6a783a1c273fbaa35946f8d4","service":"rider-service","timestamp":"2026-08-09 14:31:57"}
{"level":"info","message":"Order service notified of rider status \"picked_up\" for order 6a783a1c273fbaa35946f8d4","service":"rider-service","timestamp":"2026-08-09 14:31:57"}
{"level":"warn","message":"fetchTrackingByOrderId returned 404: {\"success\":false,\"message\":\"Route not found\"}","service":"rider-service","timestamp":"2026-08-09 14:31:57"}
{"level":"warn","message":"fetchTrackingByOrderId returned 404: {\"success\":false,\"message\":\"Route not found\"}","service":"rider-service","timestamp":"2026-08-09 14:32:00"}
{"level":"warn","message":"No tracking found for order 6a783a1c273fbaa35946f8d4 — auto-creating","service":"rider-service","timestamp":"2026-08-09 14:32:00"}
{"level":"warn","message":"createTrackingForOrder rejected (401) for order 6a783a1c273fbaa35946f8d4: {\"success\":false,\"error\":\"Authentication required\",\"code\":\"NO_TOKEN\"}","service":"rider-service","timestamp":"2026-08-09 14:32:00"}
{"level":"warn","message":"Failed to auto-create tracking for order 6a783a1c273fbaa35946f8d4","service":"rider-service","timestamp":"2026-08-09 14:32:00"}
{"level":"info","message":"Out for delivery email queued for: monuku821110@gmail.com","service":"rider-service","timestamp":"2026-08-09 14:32:00"}
{"level":"info","message":"Order service notified of rider status \"out_for_delivery\" for order 6a783a1c273fbaa35946f8d4","service":"rider-service","timestamp":"2026-08-09 14:32:01"}
{"level":"warn","message":"fetchTrackingByOrderId returned 404: {\"success\":false,\"message\":\"Route not found\"}","service":"rider-service","timestamp":"2026-08-09 14:32:01"}
{"level":"info","message":"Payment collected for order CM1786264092697591: cash by rider 6a77557433f901e4dc8badd6","service":"rider-service","timestamp":"2026-08-09 14:32:03"}
{"level":"info","message":"Delivery OTP generated for order: 6a783a1c273fbaa35946f8d4","service":"rider-service","timestamp":"2026-08-09 14:32:14"}
{"level":"info","message":"Delivery OTP email queued for: monuku821110@gmail.com","service":"rider-service","timestamp":"2026-08-09 14:32:14"}
{"level":"info","message":"Delivery OTP verified successfully for order: 6a783a1c273fbaa35946f8d4","service":"rider-service","timestamp":"2026-08-09 14:32:39"}
{"level":"info","message":"Order service notified of rider status \"delivered\" for order 6a783a1c273fbaa35946f8d4","service":"rider-service","timestamp":"2026-08-09 14:32:40"}
{"level":"info","message":"Delivery confirmed email queued for: monuku821110@gmail.com","service":"rider-service","timestamp":"2026-08-09 14:32:40"}
{"level":"warn","message":"fetchTrackingByOrderId returned 404: {\"success\":false,\"message\":\"Route not found\"}","service":"rider-service","timestamp":"2026-08-09 14:32:40"}
{"level":"warn","message":"fetchTrackingByOrderId returned 404: {\"success\":false,\"message\":\"Route not found\"}","service":"rider-service","timestamp":"2026-08-09 14:34:01"}
{"level":"warn","message":"fetchTrackingByOrderId returned 404: {\"success\":false,\"message\":\"Route not found\"}","service":"rider-service","timestamp":"2026-08-09 14:34:01"}
{"level":"warn","message":"fetchTrackingByOrderId returned 404: {\"success\":false,\"message\":\"Route not found\"}","service":"rider-service","timestamp":"2026-08-09 14:34:01"}
{"level":"warn","message":"fetchTrackingByOrderId returned 404: {\"success\":false,\"message\":\"Route not found\"}","service":"rider-service","timestamp":"2026-08-09 14:34:01"}
{"level":"warn","message":"fetchTrackingByOrderId returned 404: {\"success\":false,\"message\":\"Route not found\"}","service":"rider-service","timestamp":"2026-08-09 14:34:31"}
{"level":"warn","message":"fetchTrackingByOrderId returned 404: {\"success\":false,\"message\":\"Route not found\"}","service":"rider-service","timestamp":"2026-08-09 14:34:31"}
{"level":"warn","message":"fetchTrackingByOrderId returned 404: {\"success\":false,\"message\":\"Route not found\"}","service":"rider-service","timestamp":"2026-08-09 14:35:01"}
{"level":"warn","message":"fetchTrackingByOrderId returned 404: {\"success\":false,\"message\":\"Route not found\"}","service":"rider-service","timestamp":"2026-08-09 14:35:01"}
{"level":"warn","message":"fetchTrackingByOrderId returned 404: {\"success\":false,\"message\":\"Route not found\"}","service":"rider-service","timestamp":"2026-08-09 14:35:08"}
{"level":"warn","message":"fetchTrackingByOrderId returned 404: {\"success\":false,\"message\":\"Route not found\"}","service":"rider-service","timestamp":"2026-08-09 14:35:10"}
{"level":"warn","message":"fetchTrackingByOrderId returned 404: {\"success\":false,\"message\":\"Route not found\"}","service":"rider-service","timestamp":"2026-08-09 14:35:10"}
{"level":"warn","message":"fetchTrackingByOrderId returned 404: {\"success\":false,\"message\":\"Route not found\"}","service":"rider-service","timestamp":"2026-08-09 14:35:11"}
{"level":"warn","message":"fetchTrackingByOrderId returned 404: {\"success\":false,\"message\":\"Route not found\"}","service":"rider-service","timestamp":"2026-08-09 14:35:11"}
{"level":"warn","message":"fetchTrackingByOrderId returned 404: {\"success\":false,\"message\":\"Route not found\"}","service":"rider-service","timestamp":"2026-08-09 14:35:13"}
{"level":"warn","message":"No tracking found for order 6a78362be1082c1ae5e1ce99 — auto-creating","service":"rider-service","timestamp":"2026-08-09 14:35:13"}
{"level":"warn","message":"createTrackingForOrder rejected (401) for order 6a78362be1082c1ae5e1ce99: {\"success\":false,\"error\":\"Authentication required\",\"code\":\"NO_TOKEN\"}","service":"rider-service","timestamp":"2026-08-09 14:35:13"}
{"level":"warn","message":"Failed to auto-create tracking for order 6a78362be1082c1ae5e1ce99","service":"rider-service","timestamp":"2026-08-09 14:35:13"}
{"level":"info","message":"Order service notified of rider status \"picked_up\" for order 6a78362be1082c1ae5e1ce99","service":"rider-service","timestamp":"2026-08-09 14:35:13"}
{"level":"warn","message":"fetchTrackingByOrderId returned 404: {\"success\":false,\"message\":\"Route not found\"}","service":"rider-service","timestamp":"2026-08-09 14:35:14"}
{"level":"warn","message":"fetchTrackingByOrderId returned 404: {\"success\":false,\"message\":\"Route not found\"}","service":"rider-service","timestamp":"2026-08-09 14:35:14"}
{"level":"warn","message":"No tracking found for order 6a78362be1082c1ae5e1ce99 — auto-creating","service":"rider-service","timestamp":"2026-08-09 14:35:15"}
{"level":"warn","message":"createTrackingForOrder rejected (401) for order 6a78362be1082c1ae5e1ce99: {\"success\":false,\"error\":\"Authentication required\",\"code\":\"NO_TOKEN\"}","service":"rider-service","timestamp":"2026-08-09 14:35:15"}
{"level":"warn","message":"Failed to auto-create tracking for order 6a78362be1082c1ae5e1ce99","service":"rider-service","timestamp":"2026-08-09 14:35:15"}
{"level":"info","message":"Out for delivery email queued for: monuku821110@gmail.com","service":"rider-service","timestamp":"2026-08-09 14:35:15"}
{"level":"info","message":"Order service notified of rider status \"out_for_delivery\" for order 6a78362be1082c1ae5e1ce99","service":"rider-service","timestamp":"2026-08-09 14:35:15"}
{"level":"warn","message":"fetchTrackingByOrderId returned 404: {\"success\":false,\"message\":\"Route not found\"}","service":"rider-service","timestamp":"2026-08-09 14:35:15"}
{"level":"info","message":"Redis connected","service":"rider-service","timestamp":"2026-08-09 14:35:20"}
{"level":"info","message":"Redis ready","service":"rider-service","timestamp":"2026-08-09 14:35:20"}
{"level":"info","message":"MongoDB connected","service":"rider-service","timestamp":"2026-08-09 14:35:21"}
{"level":"info","message":"RabbitMQ connected","service":"rider-service","timestamp":"2026-08-09 14:35:21"}
{"level":"info","message":"Rider service running on port 7011","service":"rider-service","timestamp":"2026-08-09 14:35:21"}
{"level":"warn","message":"fetchTrackingByOrderId returned 404: {\"success\":false,\"message\":\"Route not found\"}","service":"rider-service","timestamp":"2026-08-09 14:35:30"}
{"level":"info","message":"Order OM1786205161197999 assigned to rider sandeep","service":"rider-service","timestamp":"2026-08-09 14:35:30"}
{"level":"warn","message":"fetchTrackingByOrderId returned 404: {\"success\":false,\"message\":\"Route not found\"}","service":"rider-service","timestamp":"2026-08-09 14:35:30"}
{"level":"warn","message":"fetchTrackingByOrderId returned 404: {\"success\":false,\"message\":\"Route not found\"}","service":"rider-service","timestamp":"2026-08-09 14:35:30"}
{"level":"error","message":"Generate payment error: `key_id` or `oauthToken` is mandatory","service":"rider-service","stack":"Error: `key_id` or `oauthToken` is mandatory\n    at new Razorpay (C:\\Users\\sande\\Desktop\\choosemood\\backend\\rider-services\\node_modules\\razorpay\\dist\\razorpay.js:23:13)\n    at getRazorpay (file:///C:/Users/sande/Desktop/choosemood/backend/rider-services/src/controllers/rider.controller.js:126:22)\n    at riderGeneratePaymentLink (file:///C:/Users/sande/Desktop/choosemood/backend/rider-services/src/controllers/rider.controller.js:888:33)\n    at process.processTicksAndRejections (node:internal/process/task_queues:104:5)","timestamp":"2026-08-09 14:35:33"}
{"level":"error","message":"Generate payment error: `key_id` or `oauthToken` is mandatory","service":"rider-service","stack":"Error: `key_id` or `oauthToken` is mandatory\n    at new Razorpay (C:\\Users\\sande\\Desktop\\choosemood\\backend\\rider-services\\node_modules\\razorpay\\dist\\razorpay.js:23:13)\n    at getRazorpay (file:///C:/Users/sande/Desktop/choosemood/backend/rider-services/src/controllers/rider.controller.js:126:22)\n    at riderGeneratePaymentLink (file:///C:/Users/sande/Desktop/choosemood/backend/rider-services/src/controllers/rider.controller.js:888:33)\n    at process.processTicksAndRejections (node:internal/process/task_queues:104:5)","timestamp":"2026-08-09 14:41:25"}
{"level":"info","message":"Redis connected","service":"rider-service","timestamp":"2026-08-09 14:44:00"}
{"level":"info","message":"Redis ready","service":"rider-service","timestamp":"2026-08-09 14:44:01"}
{"level":"info","message":"MongoDB connected","service":"rider-service","timestamp":"2026-08-09 14:44:03"}
{"level":"info","message":"RabbitMQ connected","service":"rider-service","timestamp":"2026-08-09 14:44:03"}
{"level":"info","message":"Rider service running on port 7011","service":"rider-service","timestamp":"2026-08-09 14:44:03"}
{"level":"info","message":"Razorpay order created for order CM1786263083504813: order_TNcMjuDE8mIDhe","service":"rider-service","timestamp":"2026-08-09 14:44:05"}
{"level":"info","message":"Payment collected for order CM1786263083504813: cash by rider 6a77557433f901e4dc8badd6","service":"rider-service","timestamp":"2026-08-09 14:44:34"}
{"level":"info","message":"Order service notified of rider status \"delivered\" for order 6a78362be1082c1ae5e1ce99","service":"rider-service","timestamp":"2026-08-09 14:44:41"}
{"level":"info","message":"Delivery confirmed email queued for: monuku821110@gmail.com","service":"rider-service","timestamp":"2026-08-09 14:44:41"}
{"level":"warn","message":"fetchTrackingByOrderId returned 404: {\"success\":false,\"message\":\"Route not found\"}","service":"rider-service","timestamp":"2026-08-09 14:44:41"}
{"level":"warn","message":"fetchTrackingByOrderId returned 404: {\"success\":false,\"message\":\"Route not found\"}","service":"rider-service","timestamp":"2026-08-09 14:44:47"}
{"level":"warn","message":"fetchTrackingByOrderId returned 404: {\"success\":false,\"message\":\"Route not found\"}","service":"rider-service","timestamp":"2026-08-09 14:44:47"}
{"level":"warn","message":"fetchTrackingByOrderId returned 404: {\"success\":false,\"message\":\"Route not found\"}","service":"rider-service","timestamp":"2026-08-09 14:44:47"}
{"level":"warn","message":"fetchTrackingByOrderId returned 404: {\"success\":false,\"message\":\"Route not found\"}","service":"rider-service","timestamp":"2026-08-09 14:44:47"}
{"level":"warn","message":"fetchTrackingByOrderId returned 404: {\"success\":false,\"message\":\"Route not found\"}","service":"rider-service","timestamp":"2026-08-09 14:45:17"}
{"level":"warn","message":"fetchTrackingByOrderId returned 404: {\"success\":false,\"message\":\"Route not found\"}","service":"rider-service","timestamp":"2026-08-09 14:45:17"}
{"level":"warn","message":"fetchTrackingByOrderId returned 404: {\"success\":false,\"message\":\"Route not found\"}","service":"rider-service","timestamp":"2026-08-09 14:45:47"}
{"level":"warn","message":"fetchTrackingByOrderId returned 404: {\"success\":false,\"message\":\"Route not found\"}","service":"rider-service","timestamp":"2026-08-09 14:45:47"}
{"level":"warn","message":"fetchTrackingByOrderId returned 404: {\"success\":false,\"message\":\"Route not found\"}","service":"rider-service","timestamp":"2026-08-09 14:46:17"}
{"level":"warn","message":"fetchTrackingByOrderId returned 404: {\"success\":false,\"message\":\"Route not found\"}","service":"rider-service","timestamp":"2026-08-09 14:46:17"}
{"level":"warn","message":"fetchTrackingByOrderId returned 404: {\"success\":false,\"message\":\"Route not found\"}","service":"rider-service","timestamp":"2026-08-09 14:46:48"}
{"level":"warn","message":"fetchTrackingByOrderId returned 404: {\"success\":false,\"message\":\"Route not found\"}","service":"rider-service","timestamp":"2026-08-09 14:46:48"}
{"level":"warn","message":"fetchTrackingByOrderId returned 404: {\"success\":false,\"message\":\"Route not found\"}","service":"rider-service","timestamp":"2026-08-09 14:47:17"}
{"level":"warn","message":"fetchTrackingByOrderId returned 404: {\"success\":false,\"message\":\"Route not found\"}","service":"rider-service","timestamp":"2026-08-09 14:47:17"}
{"level":"warn","message":"fetchTrackingByOrderId returned 404: {\"success\":false,\"message\":\"Route not found\"}","service":"rider-service","timestamp":"2026-08-09 14:47:48"}
{"level":"warn","message":"fetchTrackingByOrderId returned 404: {\"success\":false,\"message\":\"Route not found\"}","service":"rider-service","timestamp":"2026-08-09 14:47:48"}
{"level":"warn","message":"fetchTrackingByOrderId returned 404: {\"success\":false,\"message\":\"Route not found\"}","service":"rider-service","timestamp":"2026-08-09 14:48:38"}
{"level":"warn","message":"fetchTrackingByOrderId returned 404: {\"success\":false,\"message\":\"Route not found\"}","service":"rider-service","timestamp":"2026-08-09 14:48:38"}
{"level":"warn","message":"fetchTrackingByOrderId returned 404: {\"success\":false,\"message\":\"Route not found\"}","service":"rider-service","timestamp":"2026-08-09 14:49:38"}
{"level":"warn","message":"fetchTrackingByOrderId returned 404: {\"success\":false,\"message\":\"Route not found\"}","service":"rider-service","timestamp":"2026-08-09 14:49:38"}
{"level":"warn","message":"fetchTrackingByOrderId returned 404: {\"success\":false,\"message\":\"Route not found\"}","service":"rider-service","timestamp":"2026-08-09 14:50:38"}
{"level":"warn","message":"fetchTrackingByOrderId returned 404: {\"success\":false,\"message\":\"Route not found\"}","service":"rider-service","timestamp":"2026-08-09 14:50:38"}
{"level":"warn","message":"fetchTrackingByOrderId returned 404: {\"success\":false,\"message\":\"Route not found\"}","service":"rider-service","timestamp":"2026-08-09 14:51:38"}
{"level":"warn","message":"fetchTrackingByOrderId returned 404: {\"success\":false,\"message\":\"Route not found\"}","service":"rider-service","timestamp":"2026-08-09 14:51:38"}
{"level":"warn","message":"fetchTrackingByOrderId returned 404: {\"success\":false,\"message\":\"Route not found\"}","service":"rider-service","timestamp":"2026-08-09 14:52:11"}
{"level":"warn","message":"fetchTrackingByOrderId returned 404: {\"success\":false,\"message\":\"Route not found\"}","service":"rider-service","timestamp":"2026-08-09 14:52:11"}
{"level":"warn","message":"fetchTrackingByOrderId returned 404: {\"success\":false,\"message\":\"Route not found\"}","service":"rider-service","timestamp":"2026-08-09 14:52:17"}
{"level":"warn","message":"fetchTrackingByOrderId returned 404: {\"success\":false,\"message\":\"Route not found\"}","service":"rider-service","timestamp":"2026-08-09 14:52:17"}
{"level":"warn","message":"fetchTrackingByOrderId returned 404: {\"success\":false,\"message\":\"Route not found\"}","service":"rider-service","timestamp":"2026-08-09 14:52:47"}
{"level":"warn","message":"fetchTrackingByOrderId returned 404: {\"success\":false,\"message\":\"Route not found\"}","service":"rider-service","timestamp":"2026-08-09 14:52:47"}
{"level":"warn","message":"fetchTrackingByOrderId returned 404: {\"success\":false,\"message\":\"Route not found\"}","service":"rider-service","timestamp":"2026-08-09 14:53:17"}
{"level":"warn","message":"fetchTrackingByOrderId returned 404: {\"success\":false,\"message\":\"Route not found\"}","service":"rider-service","timestamp":"2026-08-09 14:53:17"}
{"level":"warn","message":"fetchTrackingByOrderId returned 404: {\"success\":false,\"message\":\"Route not found\"}","service":"rider-service","timestamp":"2026-08-09 14:53:48"}
{"level":"warn","message":"fetchTrackingByOrderId returned 404: {\"success\":false,\"message\":\"Route not found\"}","service":"rider-service","timestamp":"2026-08-09 14:53:48"}
{"level":"warn","message":"fetchTrackingByOrderId returned 404: {\"success\":false,\"message\":\"Route not found\"}","service":"rider-service","timestamp":"2026-08-09 14:54:38"}
{"level":"warn","message":"fetchTrackingByOrderId returned 404: {\"success\":false,\"message\":\"Route not found\"}","service":"rider-service","timestamp":"2026-08-09 14:54:38"}
{"level":"warn","message":"fetchTrackingByOrderId returned 404: {\"success\":false,\"message\":\"Route not found\"}","service":"rider-service","timestamp":"2026-08-09 14:55:38"}
{"level":"warn","message":"fetchTrackingByOrderId returned 404: {\"success\":false,\"message\":\"Route not found\"}","service":"rider-service","timestamp":"2026-08-09 14:55:39"}
{"level":"warn","message":"fetchTrackingByOrderId returned 404: {\"success\":false,\"message\":\"Route not found\"}","service":"rider-service","timestamp":"2026-08-09 14:56:38"}
{"level":"warn","message":"fetchTrackingByOrderId returned 404: {\"success\":false,\"message\":\"Route not found\"}","service":"rider-service","timestamp":"2026-08-09 14:56:39"}
{"level":"warn","message":"fetchTrackingByOrderId returned 404: {\"success\":false,\"message\":\"Route not found\"}","service":"rider-service","timestamp":"2026-08-09 14:57:39"}
{"level":"warn","message":"fetchTrackingByOrderId returned 404: {\"success\":false,\"message\":\"Route not found\"}","service":"rider-service","timestamp":"2026-08-09 14:57:39"}
{"level":"warn","message":"fetchTrackingByOrderId returned 404: {\"success\":false,\"message\":\"Route not found\"}","service":"rider-service","timestamp":"2026-08-09 14:58:39"}
{"level":"warn","message":"fetchTrackingByOrderId returned 404: {\"success\":false,\"message\":\"Route not found\"}","service":"rider-service","timestamp":"2026-08-09 14:58:39"}
{"level":"warn","message":"fetchTrackingByOrderId returned 404: {\"success\":false,\"message\":\"Route not found\"}","service":"rider-service","timestamp":"2026-08-09 14:59:39"}
{"level":"warn","message":"fetchTrackingByOrderId returned 404: {\"success\":false,\"message\":\"Route not found\"}","service":"rider-service","timestamp":"2026-08-09 14:59:39"}
{"level":"warn","message":"fetchTrackingByOrderId returned 404: {\"success\":false,\"message\":\"Route not found\"}","service":"rider-service","timestamp":"2026-08-09 14:59:56"}
{"level":"warn","message":"fetchTrackingByOrderId returned 404: {\"success\":false,\"message\":\"Route not found\"}","service":"rider-service","timestamp":"2026-08-09 14:59:56"}
{"level":"warn","message":"fetchTrackingByOrderId returned 404: {\"success\":false,\"message\":\"Route not found\"}","service":"rider-service","timestamp":"2026-08-09 15:00:17"}
{"level":"warn","message":"fetchTrackingByOrderId returned 404: {\"success\":false,\"message\":\"Route not found\"}","service":"rider-service","timestamp":"2026-08-09 15:00:17"}
{"level":"warn","message":"fetchTrackingByOrderId returned 404: {\"success\":false,\"message\":\"Route not found\"}","service":"rider-service","timestamp":"2026-08-09 15:00:48"}
{"level":"warn","message":"fetchTrackingByOrderId returned 404: {\"success\":false,\"message\":\"Route not found\"}","service":"rider-service","timestamp":"2026-08-09 15:00:48"}
{"level":"warn","message":"fetchTrackingByOrderId returned 404: {\"success\":false,\"message\":\"Route not found\"}","service":"rider-service","timestamp":"2026-08-09 15:01:17"}
{"level":"warn","message":"fetchTrackingByOrderId returned 404: {\"success\":false,\"message\":\"Route not found\"}","service":"rider-service","timestamp":"2026-08-09 15:01:17"}
{"level":"warn","message":"fetchTrackingByOrderId returned 404: {\"success\":false,\"message\":\"Route not found\"}","service":"rider-service","timestamp":"2026-08-09 15:02:39"}
{"level":"warn","message":"fetchTrackingByOrderId returned 404: {\"success\":false,\"message\":\"Route not found\"}","service":"rider-service","timestamp":"2026-08-09 15:02:39"}
{"level":"warn","message":"fetchTrackingByOrderId returned 404: {\"success\":false,\"message\":\"Route not found\"}","service":"rider-service","timestamp":"2026-08-09 15:03:39"}
{"level":"warn","message":"fetchTrackingByOrderId returned 404: {\"success\":false,\"message\":\"Route not found\"}","service":"rider-service","timestamp":"2026-08-09 15:03:39"}
{"level":"warn","message":"fetchTrackingByOrderId returned 404: {\"success\":false,\"message\":\"Route not found\"}","service":"rider-service","timestamp":"2026-08-09 15:04:39"}
{"level":"warn","message":"fetchTrackingByOrderId returned 404: {\"success\":false,\"message\":\"Route not found\"}","service":"rider-service","timestamp":"2026-08-09 15:04:39"}
{"level":"warn","message":"fetchTrackingByOrderId returned 404: {\"success\":false,\"message\":\"Route not found\"}","service":"rider-service","timestamp":"2026-08-09 15:05:39"}
{"level":"warn","message":"fetchTrackingByOrderId returned 404: {\"success\":false,\"message\":\"Route not found\"}","service":"rider-service","timestamp":"2026-08-09 15:05:39"}
{"level":"info","message":"Redis connected","service":"rider-service","timestamp":"2026-08-09 19:34:34"}
{"level":"info","message":"Redis ready","service":"rider-service","timestamp":"2026-08-09 19:34:34"}
{"level":"info","message":"MongoDB connected","service":"rider-service","timestamp":"2026-08-09 19:34:36"}
{"level":"info","message":"RabbitMQ connected","service":"rider-service","timestamp":"2026-08-09 19:34:36"}
{"level":"info","message":"Rider service running on port 7011","service":"rider-service","timestamp":"2026-08-09 19:34:36"}
{"level":"warn","message":"fetchTrackingByOrderId returned 404: {\"success\":false,\"message\":\"Route not found\"}","service":"rider-service","timestamp":"2026-08-09 19:34:40"}
{"level":"warn","message":"fetchTrackingByOrderId returned 404: {\"success\":false,\"message\":\"Route not found\"}","service":"rider-service","timestamp":"2026-08-09 19:34:40"}
{"level":"warn","message":"fetchTrackingByOrderId returned 404: {\"success\":false,\"message\":\"Route not found\"}","service":"rider-service","timestamp":"2026-08-09 19:34:41"}
{"level":"warn","message":"fetchTrackingByOrderId returned 404: {\"success\":false,\"message\":\"Route not found\"}","service":"rider-service","timestamp":"2026-08-09 19:34:41"}
{"level":"warn","message":"fetchTrackingByOrderId returned 404: {\"success\":false,\"message\":\"Route not found\"}","service":"rider-service","timestamp":"2026-08-09 19:35:11"}
{"level":"warn","message":"fetchTrackingByOrderId returned 404: {\"success\":false,\"message\":\"Route not found\"}","service":"rider-service","timestamp":"2026-08-09 19:35:11"}
{"level":"warn","message":"fetchTrackingByOrderId returned 404: {\"success\":false,\"message\":\"Route not found\"}","service":"rider-service","timestamp":"2026-08-09 19:35:41"}
{"level":"warn","message":"fetchTrackingByOrderId returned 404: {\"success\":false,\"message\":\"Route not found\"}","service":"rider-service","timestamp":"2026-08-09 19:35:41"}
{"level":"warn","message":"fetchTrackingByOrderId returned 404: {\"success\":false,\"message\":\"Route not found\"}","service":"rider-service","timestamp":"2026-08-09 19:36:11"}
{"level":"warn","message":"fetchTrackingByOrderId returned 404: {\"success\":false,\"message\":\"Route not found\"}","service":"rider-service","timestamp":"2026-08-09 19:36:11"}
{"level":"warn","message":"fetchTrackingByOrderId returned 404: {\"success\":false,\"message\":\"Route not found\"}","service":"rider-service","timestamp":"2026-08-09 19:36:41"}
{"level":"warn","message":"fetchTrackingByOrderId returned 404: {\"success\":false,\"message\":\"Route not found\"}","service":"rider-service","timestamp":"2026-08-09 19:36:41"}
{"level":"warn","message":"fetchTrackingByOrderId returned 404: {\"success\":false,\"message\":\"Route not found\"}","service":"rider-service","timestamp":"2026-08-09 19:37:11"}
{"level":"warn","message":"fetchTrackingByOrderId returned 404: {\"success\":false,\"message\":\"Route not found\"}","service":"rider-service","timestamp":"2026-08-09 19:37:11"}
{"level":"warn","message":"fetchTrackingByOrderId returned 404: {\"success\":false,\"message\":\"Route not found\"}","service":"rider-service","timestamp":"2026-08-09 19:37:41"}
{"level":"warn","message":"fetchTrackingByOrderId returned 404: {\"success\":false,\"message\":\"Route not found\"}","service":"rider-service","timestamp":"2026-08-09 19:37:41"}
{"level":"warn","message":"fetchTrackingByOrderId returned 404: {\"success\":false,\"message\":\"Route not found\"}","service":"rider-service","timestamp":"2026-08-09 19:38:11"}
{"level":"warn","message":"fetchTrackingByOrderId returned 404: {\"success\":false,\"message\":\"Route not found\"}","service":"rider-service","timestamp":"2026-08-09 19:38:11"}
{"level":"warn","message":"fetchTrackingByOrderId returned 404: {\"success\":false,\"message\":\"Route not found\"}","service":"rider-service","timestamp":"2026-08-09 19:38:40"}
{"level":"warn","message":"fetchTrackingByOrderId returned 404: {\"success\":false,\"message\":\"Route not found\"}","service":"rider-service","timestamp":"2026-08-09 19:38:40"}
{"level":"warn","message":"fetchTrackingByOrderId returned 404: {\"success\":false,\"message\":\"Route not found\"}","service":"rider-service","timestamp":"2026-08-09 19:39:11"}
{"level":"warn","message":"fetchTrackingByOrderId returned 404: {\"success\":false,\"message\":\"Route not found\"}","service":"rider-service","timestamp":"2026-08-09 19:39:11"}
{"level":"warn","message":"fetchTrackingByOrderId returned 404: {\"success\":false,\"message\":\"Route not found\"}","service":"rider-service","timestamp":"2026-08-09 19:39:41"}
{"level":"warn","message":"fetchTrackingByOrderId returned 404: {\"success\":false,\"message\":\"Route not found\"}","service":"rider-service","timestamp":"2026-08-09 19:39:41"}
{"level":"warn","message":"fetchTrackingByOrderId returned 404: {\"success\":false,\"message\":\"Route not found\"}","service":"rider-service","timestamp":"2026-08-09 19:40:37"}
{"level":"warn","message":"fetchTrackingByOrderId returned 404: {\"success\":false,\"message\":\"Route not found\"}","service":"rider-service","timestamp":"2026-08-09 19:40:37"}
{"level":"warn","message":"fetchTrackingByOrderId returned 404: {\"success\":false,\"message\":\"Route not found\"}","service":"rider-service","timestamp":"2026-08-09 19:41:37"}
{"level":"warn","message":"fetchTrackingByOrderId returned 404: {\"success\":false,\"message\":\"Route not found\"}","service":"rider-service","timestamp":"2026-08-09 19:41:37"}
{"level":"warn","message":"fetchTrackingByOrderId returned 404: {\"success\":false,\"message\":\"Route not found\"}","service":"rider-service","timestamp":"2026-08-09 19:42:37"}
{"level":"warn","message":"fetchTrackingByOrderId returned 404: {\"success\":false,\"message\":\"Route not found\"}","service":"rider-service","timestamp":"2026-08-09 19:42:37"}
{"level":"warn","message":"Mongoose disconnected from MongoDB","service":"rider-service","timestamp":"2026-08-09 19:43:07"}
{"level":"warn","message":"fetchTrackingByOrderId returned 404: {\"success\":false,\"message\":\"Route not found\"}","service":"rider-service","timestamp":"2026-08-09 19:43:39"}
{"level":"warn","message":"fetchTrackingByOrderId returned 404: {\"success\":false,\"message\":\"Route not found\"}","service":"rider-service","timestamp":"2026-08-09 19:43:39"}
{"level":"warn","message":"fetchTrackingByOrderId returned 404: {\"success\":false,\"message\":\"Route not found\"}","service":"rider-service","timestamp":"2026-08-09 19:43:55"}
{"level":"warn","message":"fetchTrackingByOrderId returned 404: {\"success\":false,\"message\":\"Route not found\"}","service":"rider-service","timestamp":"2026-08-09 19:43:55"}
{"level":"warn","message":"fetchTrackingByOrderId returned 404: {\"success\":false,\"message\":\"Route not found\"}","service":"rider-service","timestamp":"2026-08-09 19:44:12"}
{"level":"warn","message":"fetchTrackingByOrderId returned 404: {\"success\":false,\"message\":\"Route not found\"}","service":"rider-service","timestamp":"2026-08-09 19:44:12"}
{"level":"warn","message":"fetchTrackingByOrderId returned 404: {\"success\":false,\"message\":\"Route not found\"}","service":"rider-service","timestamp":"2026-08-09 19:44:41"}
{"level":"warn","message":"fetchTrackingByOrderId returned 404: {\"success\":false,\"message\":\"Route not found\"}","service":"rider-service","timestamp":"2026-08-09 19:44:41"}
{"level":"warn","message":"fetchTrackingByOrderId returned 404: {\"success\":false,\"message\":\"Route not found\"}","service":"rider-service","timestamp":"2026-08-09 19:45:37"}
{"level":"warn","message":"fetchTrackingByOrderId returned 404: {\"success\":false,\"message\":\"Route not found\"}","service":"rider-service","timestamp":"2026-08-09 19:45:37"}
{"level":"warn","message":"fetchTrackingByOrderId returned 404: {\"success\":false,\"message\":\"Route not found\"}","service":"rider-service","timestamp":"2026-08-09 19:46:37"}
{"level":"warn","message":"fetchTrackingByOrderId returned 404: {\"success\":false,\"message\":\"Route not found\"}","service":"rider-service","timestamp":"2026-08-09 19:46:37"}
{"level":"warn","message":"fetchTrackingByOrderId returned 404: {\"success\":false,\"message\":\"Route not found\"}","service":"rider-service","timestamp":"2026-08-09 19:47:37"}
{"level":"warn","message":"fetchTrackingByOrderId returned 404: {\"success\":false,\"message\":\"Route not found\"}","service":"rider-service","timestamp":"2026-08-09 19:47:37"}
{"level":"warn","message":"fetchTrackingByOrderId returned 404: {\"success\":false,\"message\":\"Route not found\"}","service":"rider-service","timestamp":"2026-08-09 19:48:37"}
{"level":"warn","message":"fetchTrackingByOrderId returned 404: {\"success\":false,\"message\":\"Route not found\"}","service":"rider-service","timestamp":"2026-08-09 19:48:37"}
{"level":"warn","message":"fetchTrackingByOrderId returned 404: {\"success\":false,\"message\":\"Route not found\"}","service":"rider-service","timestamp":"2026-08-09 19:49:37"}
{"level":"warn","message":"fetchTrackingByOrderId returned 404: {\"success\":false,\"message\":\"Route not found\"}","service":"rider-service","timestamp":"2026-08-09 19:49:37"}
{"level":"warn","message":"fetchTrackingByOrderId returned 404: {\"success\":false,\"message\":\"Route not found\"}","service":"rider-service","timestamp":"2026-08-09 19:49:37"}
{"level":"warn","message":"fetchTrackingByOrderId returned 404: {\"success\":false,\"message\":\"Route not found\"}","service":"rider-service","timestamp":"2026-08-09 19:49:37"}
{"level":"warn","message":"fetchTrackingByOrderId returned 404: {\"success\":false,\"message\":\"Route not found\"}","service":"rider-service","timestamp":"2026-08-09 19:50:02"}
{"level":"warn","message":"fetchTrackingByOrderId returned 404: {\"success\":false,\"message\":\"Route not found\"}","service":"rider-service","timestamp":"2026-08-09 19:50:02"}
{"level":"warn","message":"fetchTrackingByOrderId returned 404: {\"success\":false,\"message\":\"Route not found\"}","service":"rider-service","timestamp":"2026-08-09 19:50:32"}
{"level":"warn","message":"fetchTrackingByOrderId returned 404: {\"success\":false,\"message\":\"Route not found\"}","service":"rider-service","timestamp":"2026-08-09 19:50:32"}
{"level":"warn","message":"fetchTrackingByOrderId returned 404: {\"success\":false,\"message\":\"Route not found\"}","service":"rider-service","timestamp":"2026-08-09 19:51:03"}
{"level":"warn","message":"fetchTrackingByOrderId returned 404: {\"success\":false,\"message\":\"Route not found\"}","service":"rider-service","timestamp":"2026-08-09 19:51:03"}
{"level":"warn","message":"fetchTrackingByOrderId returned 404: {\"success\":false,\"message\":\"Route not found\"}","service":"rider-service","timestamp":"2026-08-09 19:51:33"}
{"level":"warn","message":"fetchTrackingByOrderId returned 404: {\"success\":false,\"message\":\"Route not found\"}","service":"rider-service","timestamp":"2026-08-09 19:51:33"}
{"level":"warn","message":"fetchTrackingByOrderId returned 404: {\"success\":false,\"message\":\"Route not found\"}","service":"rider-service","timestamp":"2026-08-09 19:52:04"}
{"level":"warn","message":"fetchTrackingByOrderId returned 404: {\"success\":false,\"message\":\"Route not found\"}","service":"rider-service","timestamp":"2026-08-09 19:52:04"}
{"level":"warn","message":"fetchTrackingByOrderId returned 404: {\"success\":false,\"message\":\"Route not found\"}","service":"rider-service","timestamp":"2026-08-09 19:52:34"}
{"level":"warn","message":"fetchTrackingByOrderId returned 404: {\"success\":false,\"message\":\"Route not found\"}","service":"rider-service","timestamp":"2026-08-09 19:52:34"}
{"level":"warn","message":"fetchTrackingByOrderId returned 404: {\"success\":false,\"message\":\"Route not found\"}","service":"rider-service","timestamp":"2026-08-09 19:53:37"}
{"level":"warn","message":"fetchTrackingByOrderId returned 404: {\"success\":false,\"message\":\"Route not found\"}","service":"rider-service","timestamp":"2026-08-09 19:53:37"}
{"level":"warn","message":"fetchTrackingByOrderId returned 404: {\"success\":false,\"message\":\"Route not found\"}","service":"rider-service","timestamp":"2026-08-09 19:54:37"}
{"level":"warn","message":"fetchTrackingByOrderId returned 404: {\"success\":false,\"message\":\"Route not found\"}","service":"rider-service","timestamp":"2026-08-09 19:54:37"}
{"level":"warn","message":"fetchTrackingByOrderId returned 404: {\"success\":false,\"message\":\"Route not found\"}","service":"rider-service","timestamp":"2026-08-09 19:55:37"}
{"level":"warn","message":"fetchTrackingByOrderId returned 404: {\"success\":false,\"message\":\"Route not found\"}","service":"rider-service","timestamp":"2026-08-09 19:55:37"}
{"level":"warn","message":"fetchTrackingByOrderId returned 404: {\"success\":false,\"message\":\"Route not found\"}","service":"rider-service","timestamp":"2026-08-09 19:56:37"}
{"level":"warn","message":"fetchTrackingByOrderId returned 404: {\"success\":false,\"message\":\"Route not found\"}","service":"rider-service","timestamp":"2026-08-09 19:56:37"}
{"level":"warn","message":"fetchTrackingByOrderId returned 404: {\"success\":false,\"message\":\"Route not found\"}","service":"rider-service","timestamp":"2026-08-09 19:57:37"}
{"level":"warn","message":"fetchTrackingByOrderId returned 404: {\"success\":false,\"message\":\"Route not found\"}","service":"rider-service","timestamp":"2026-08-09 19:57:37"}
{"level":"warn","message":"fetchTrackingByOrderId returned 404: {\"success\":false,\"message\":\"Route not found\"}","service":"rider-service","timestamp":"2026-08-09 19:58:03"}
{"level":"warn","message":"fetchTrackingByOrderId returned 404: {\"success\":false,\"message\":\"Route not found\"}","service":"rider-service","timestamp":"2026-08-09 19:58:03"}
{"level":"warn","message":"fetchTrackingByOrderId returned 404: {\"success\":false,\"message\":\"Route not found\"}","service":"rider-service","timestamp":"2026-08-09 19:58:33"}
{"level":"warn","message":"fetchTrackingByOrderId returned 404: {\"success\":false,\"message\":\"Route not found\"}","service":"rider-service","timestamp":"2026-08-09 19:58:33"}
{"level":"warn","message":"fetchTrackingByOrderId returned 404: {\"success\":false,\"message\":\"Route not found\"}","service":"rider-service","timestamp":"2026-08-09 19:59:37"}
{"level":"warn","message":"fetchTrackingByOrderId returned 404: {\"success\":false,\"message\":\"Route not found\"}","service":"rider-service","timestamp":"2026-08-09 19:59:37"}
{"level":"warn","message":"fetchTrackingByOrderId returned 404: {\"success\":false,\"message\":\"Route not found\"}","service":"rider-service","timestamp":"2026-08-09 20:00:03"}
{"level":"warn","message":"fetchTrackingByOrderId returned 404: {\"success\":false,\"message\":\"Route not found\"}","service":"rider-service","timestamp":"2026-08-09 20:00:03"}
{"level":"warn","message":"fetchTrackingByOrderId returned 404: {\"success\":false,\"message\":\"Route not found\"}","service":"rider-service","timestamp":"2026-08-09 20:00:33"}
{"level":"warn","message":"fetchTrackingByOrderId returned 404: {\"success\":false,\"message\":\"Route not found\"}","service":"rider-service","timestamp":"2026-08-09 20:00:33"}
{"level":"warn","message":"fetchTrackingByOrderId returned 404: {\"success\":false,\"message\":\"Route not found\"}","service":"rider-service","timestamp":"2026-08-09 20:01:37"}
{"level":"warn","message":"fetchTrackingByOrderId returned 404: {\"success\":false,\"message\":\"Route not found\"}","service":"rider-service","timestamp":"2026-08-09 20:01:37"}
{"level":"warn","message":"fetchTrackingByOrderId returned 404: {\"success\":false,\"message\":\"Route not found\"}","service":"rider-service","timestamp":"2026-08-09 20:02:03"}
{"level":"warn","message":"fetchTrackingByOrderId returned 404: {\"success\":false,\"message\":\"Route not found\"}","service":"rider-service","timestamp":"2026-08-09 20:02:03"}
{"level":"warn","message":"fetchTrackingByOrderId returned 404: {\"success\":false,\"message\":\"Route not found\"}","service":"rider-service","timestamp":"2026-08-09 20:02:33"}
{"level":"warn","message":"fetchTrackingByOrderId returned 404: {\"success\":false,\"message\":\"Route not found\"}","service":"rider-service","timestamp":"2026-08-09 20:02:33"}
{"level":"warn","message":"fetchTrackingByOrderId returned 404: {\"success\":false,\"message\":\"Route not found\"}","service":"rider-service","timestamp":"2026-08-09 20:03:37"}
{"level":"warn","message":"fetchTrackingByOrderId returned 404: {\"success\":false,\"message\":\"Route not found\"}","service":"rider-service","timestamp":"2026-08-09 20:03:37"}
{"level":"warn","message":"fetchTrackingByOrderId returned 404: {\"success\":false,\"message\":\"Route not found\"}","service":"rider-service","timestamp":"2026-08-09 20:04:40"}
{"level":"warn","message":"fetchTrackingByOrderId returned 404: {\"success\":false,\"message\":\"Route not found\"}","service":"rider-service","timestamp":"2026-08-09 20:04:41"}
{"level":"warn","message":"fetchTrackingByOrderId returned 404: {\"success\":false,\"message\":\"Route not found\"}","service":"rider-service","timestamp":"2026-08-09 20:05:02"}
{"level":"warn","message":"fetchTrackingByOrderId returned 404: {\"success\":false,\"message\":\"Route not found\"}","service":"rider-service","timestamp":"2026-08-09 20:05:02"}
{"level":"warn","message":"fetchTrackingByOrderId returned 404: {\"success\":false,\"message\":\"Route not found\"}","service":"rider-service","timestamp":"2026-08-09 20:05:32"}
{"level":"warn","message":"fetchTrackingByOrderId returned 404: {\"success\":false,\"message\":\"Route not found\"}","service":"rider-service","timestamp":"2026-08-09 20:05:32"}
{"level":"warn","message":"fetchTrackingByOrderId returned 404: {\"success\":false,\"message\":\"Route not found\"}","service":"rider-service","timestamp":"2026-08-09 20:06:02"}
{"level":"warn","message":"fetchTrackingByOrderId returned 404: {\"success\":false,\"message\":\"Route not found\"}","service":"rider-service","timestamp":"2026-08-09 20:06:02"}
{"level":"warn","message":"fetchTrackingByOrderId returned 404: {\"success\":false,\"message\":\"Route not found\"}","service":"rider-service","timestamp":"2026-08-09 20:06:33"}
{"level":"warn","message":"fetchTrackingByOrderId returned 404: {\"success\":false,\"message\":\"Route not found\"}","service":"rider-service","timestamp":"2026-08-09 20:06:33"}
{"level":"warn","message":"fetchTrackingByOrderId returned 404: {\"success\":false,\"message\":\"Route not found\"}","service":"rider-service","timestamp":"2026-08-09 20:07:03"}
{"level":"warn","message":"fetchTrackingByOrderId returned 404: {\"success\":false,\"message\":\"Route not found\"}","service":"rider-service","timestamp":"2026-08-09 20:07:03"}
{"level":"warn","message":"fetchTrackingByOrderId returned 404: {\"success\":false,\"message\":\"Route not found\"}","service":"rider-service","timestamp":"2026-08-09 20:07:37"}
{"level":"warn","message":"fetchTrackingByOrderId returned 404: {\"success\":false,\"message\":\"Route not found\"}","service":"rider-service","timestamp":"2026-08-09 20:07:37"}
{"level":"warn","message":"fetchTrackingByOrderId returned 404: {\"success\":false,\"message\":\"Route not found\"}","service":"rider-service","timestamp":"2026-08-09 20:08:37"}
{"level":"warn","message":"fetchTrackingByOrderId returned 404: {\"success\":false,\"message\":\"Route not found\"}","service":"rider-service","timestamp":"2026-08-09 20:08:37"}
{"level":"warn","message":"fetchTrackingByOrderId returned 404: {\"success\":false,\"message\":\"Route not found\"}","service":"rider-service","timestamp":"2026-08-09 20:09:37"}
{"level":"warn","message":"fetchTrackingByOrderId returned 404: {\"success\":false,\"message\":\"Route not found\"}","service":"rider-service","timestamp":"2026-08-09 20:09:37"}
{"level":"warn","message":"fetchTrackingByOrderId returned 404: {\"success\":false,\"message\":\"Route not found\"}","service":"rider-service","timestamp":"2026-08-09 20:10:02"}
{"level":"warn","message":"fetchTrackingByOrderId returned 404: {\"success\":false,\"message\":\"Route not found\"}","service":"rider-service","timestamp":"2026-08-09 20:10:02"}
{"level":"warn","message":"fetchTrackingByOrderId returned 404: {\"success\":false,\"message\":\"Route not found\"}","service":"rider-service","timestamp":"2026-08-09 20:10:33"}
{"level":"warn","message":"fetchTrackingByOrderId returned 404: {\"success\":false,\"message\":\"Route not found\"}","service":"rider-service","timestamp":"2026-08-09 20:10:33"}
{"level":"warn","message":"fetchTrackingByOrderId returned 404: {\"success\":false,\"message\":\"Route not found\"}","service":"rider-service","timestamp":"2026-08-09 20:11:37"}
{"level":"warn","message":"fetchTrackingByOrderId returned 404: {\"success\":false,\"message\":\"Route not found\"}","service":"rider-service","timestamp":"2026-08-09 20:11:37"}
{"level":"warn","message":"fetchTrackingByOrderId returned 404: {\"success\":false,\"message\":\"Route not found\"}","service":"rider-service","timestamp":"2026-08-09 20:12:37"}
{"level":"warn","message":"fetchTrackingByOrderId returned 404: {\"success\":false,\"message\":\"Route not found\"}","service":"rider-service","timestamp":"2026-08-09 20:12:37"}
{"level":"warn","message":"fetchTrackingByOrderId returned 404: {\"success\":false,\"message\":\"Route not found\"}","service":"rider-service","timestamp":"2026-08-09 20:13:37"}
{"level":"warn","message":"fetchTrackingByOrderId returned 404: {\"success\":false,\"message\":\"Route not found\"}","service":"rider-service","timestamp":"2026-08-09 20:13:37"}
{"level":"warn","message":"fetchTrackingByOrderId returned 404: {\"success\":false,\"message\":\"Route not found\"}","service":"rider-service","timestamp":"2026-08-09 20:14:37"}
{"level":"warn","message":"fetchTrackingByOrderId returned 404: {\"success\":false,\"message\":\"Route not found\"}","service":"rider-service","timestamp":"2026-08-09 20:14:37"}
{"level":"warn","message":"Mongoose disconnected from MongoDB","service":"rider-service","timestamp":"2026-08-09 20:15:53"}
{"level":"error","message":"Rider update location error: connection 6 to 159.41.172.4:27017 closed","service":"rider-service","stack":"MongoNetworkError: connection 6 to 159.41.172.4:27017 closed\n    at Connection.onClose (C:\\Users\\sande\\Desktop\\choosemood\\backend\\rider-services\\node_modules\\mongodb\\lib\\cmap\\connection.js:121:28)\n    at TLSSocket.<anonymous> (C:\\Users\\sande\\Desktop\\choosemood\\backend\\rider-services\\node_modules\\mongodb\\lib\\cmap\\connection.js:63:46)\n    at TLSSocket.emit (node:events:509:28)\n    at node:net:355:12\n    at TCP.done (node:internal/tls/wrap:770:7)","timestamp":"2026-08-09 20:15:53"}
{"level":"warn","message":"fetchTrackingByOrderId returned 404: {\"success\":false,\"message\":\"Route not found\"}","service":"rider-service","timestamp":"2026-08-09 20:15:59"}
{"level":"warn","message":"fetchTrackingByOrderId returned 404: {\"success\":false,\"message\":\"Route not found\"}","service":"rider-service","timestamp":"2026-08-09 20:15:59"}
{"level":"warn","message":"fetchTrackingByOrderId returned 404: {\"success\":false,\"message\":\"Route not found\"}","service":"rider-service","timestamp":"2026-08-09 20:16:37"}
{"level":"warn","message":"fetchTrackingByOrderId returned 404: {\"success\":false,\"message\":\"Route not found\"}","service":"rider-service","timestamp":"2026-08-09 20:16:37"}
{"level":"warn","message":"fetchTrackingByOrderId returned 404: {\"success\":false,\"message\":\"Route not found\"}","service":"rider-service","timestamp":"2026-08-09 20:17:37"}
{"level":"warn","message":"fetchTrackingByOrderId returned 404: {\"success\":false,\"message\":\"Route not found\"}","service":"rider-service","timestamp":"2026-08-09 20:17:37"}
{"level":"warn","message":"fetchTrackingByOrderId returned 404: {\"success\":false,\"message\":\"Route not found\"}","service":"rider-service","timestamp":"2026-08-09 20:18:37"}
{"level":"warn","message":"fetchTrackingByOrderId returned 404: {\"success\":false,\"message\":\"Route not found\"}","service":"rider-service","timestamp":"2026-08-09 20:18:37"}
{"level":"warn","message":"fetchTrackingByOrderId returned 404: {\"success\":false,\"message\":\"Route not found\"}","service":"rider-service","timestamp":"2026-08-09 20:18:51"}
{"level":"warn","message":"fetchTrackingByOrderId returned 404: {\"success\":false,\"message\":\"Route not found\"}","service":"rider-service","timestamp":"2026-08-09 20:18:51"}
{"level":"warn","message":"fetchTrackingByOrderId returned 404: {\"success\":false,\"message\":\"Route not found\"}","service":"rider-service","timestamp":"2026-08-09 20:19:22"}
{"level":"warn","message":"fetchTrackingByOrderId returned 404: {\"success\":false,\"message\":\"Route not found\"}","service":"rider-service","timestamp":"2026-08-09 20:19:22"}
{"level":"warn","message":"Mongoose disconnected from MongoDB","service":"rider-service","timestamp":"2026-08-09 20:20:13"}
{"level":"error","message":"Rider get my orders error: getaddrinfo ENOTFOUND ac-nuzuata-shard-00-02.atowa5p.mongodb.net","reason":{"commonWireVersion":0,"compatible":true,"heartbeatFrequencyMS":10000,"localThresholdMS":15,"logicalSessionTimeoutMinutes":30,"maxElectionId":"7fffffff000000000000048f","maxSetVersion":113,"servers":{},"setName":"atlas-vefvfs-shard-0","stale":false,"type":"ReplicaSetNoPrimary"},"service":"rider-service","stack":"MongoServerSelectionError: getaddrinfo ENOTFOUND ac-nuzuata-shard-00-02.atowa5p.mongodb.net\n    at Timeout._onTimeout (C:\\Users\\sande\\Desktop\\choosemood\\backend\\rider-services\\node_modules\\mongodb\\lib\\sdam\\topology.js:278:38)\n    at listOnTimeout (node:internal/timers:635:17)\n    at process.processTimers (node:internal/timers:571:7)","timestamp":"2026-08-09 20:20:43"}
{"level":"error","message":"Rider update location error: getaddrinfo ENOTFOUND ac-nuzuata-shard-00-02.atowa5p.mongodb.net","reason":{"commonWireVersion":0,"compatible":true,"heartbeatFrequencyMS":10000,"localThresholdMS":15,"logicalSessionTimeoutMinutes":30,"maxElectionId":"7fffffff000000000000048f","maxSetVersion":113,"servers":{},"setName":"atlas-vefvfs-shard-0","stale":false,"type":"ReplicaSetNoPrimary"},"service":"rider-service","stack":"MongoServerSelectionError: getaddrinfo ENOTFOUND ac-nuzuata-shard-00-02.atowa5p.mongodb.net\n    at Timeout._onTimeout (C:\\Users\\sande\\Desktop\\choosemood\\backend\\rider-services\\node_modules\\mongodb\\lib\\sdam\\topology.js:278:38)\n    at listOnTimeout (node:internal/timers:635:17)\n    at process.processTimers (node:internal/timers:571:7)","timestamp":"2026-08-09 20:20:48"}
{"level":"error","message":"Rider get my orders error: getaddrinfo ENOTFOUND ac-nuzuata-shard-00-02.atowa5p.mongodb.net","reason":{"commonWireVersion":0,"compatible":true,"heartbeatFrequencyMS":10000,"localThresholdMS":15,"logicalSessionTimeoutMinutes":30,"maxElectionId":"7fffffff000000000000048f","maxSetVersion":113,"servers":{},"setName":"atlas-vefvfs-shard-0","stale":false,"type":"ReplicaSetNoPrimary"},"service":"rider-service","stack":"MongoServerSelectionError: getaddrinfo ENOTFOUND ac-nuzuata-shard-00-02.atowa5p.mongodb.net\n    at Timeout._onTimeout (C:\\Users\\sande\\Desktop\\choosemood\\backend\\rider-services\\node_modules\\mongodb\\lib\\sdam\\topology.js:278:38)\n    at listOnTimeout (node:internal/timers:635:17)\n    at process.processTimers (node:internal/timers:571:7)","timestamp":"2026-08-09 20:21:10"}
{"level":"error","message":"Rider update location error: getaddrinfo ENOTFOUND ac-nuzuata-shard-00-02.atowa5p.mongodb.net","reason":{"commonWireVersion":0,"compatible":true,"heartbeatFrequencyMS":10000,"localThresholdMS":15,"logicalSessionTimeoutMinutes":30,"maxElectionId":"7fffffff000000000000048f","maxSetVersion":113,"servers":{},"setName":"atlas-vefvfs-shard-0","stale":false,"type":"ReplicaSetNoPrimary"},"service":"rider-service","stack":"MongoServerSelectionError: getaddrinfo ENOTFOUND ac-nuzuata-shard-00-02.atowa5p.mongodb.net\n    at Timeout._onTimeout (C:\\Users\\sande\\Desktop\\choosemood\\backend\\rider-services\\node_modules\\mongodb\\lib\\sdam\\topology.js:278:38)\n    at listOnTimeout (node:internal/timers:635:17)\n    at process.processTimers (node:internal/timers:571:7)","timestamp":"2026-08-09 20:21:12"}
{"level":"error","message":"Rider get my orders error: getaddrinfo ENOTFOUND ac-nuzuata-shard-00-02.atowa5p.mongodb.net","reason":{"commonWireVersion":0,"compatible":true,"heartbeatFrequencyMS":10000,"localThresholdMS":15,"logicalSessionTimeoutMinutes":30,"maxElectionId":"7fffffff000000000000048f","maxSetVersion":113,"servers":{},"setName":"atlas-vefvfs-shard-0","stale":false,"type":"ReplicaSetNoPrimary"},"service":"rider-service","stack":"MongoServerSelectionError: getaddrinfo ENOTFOUND ac-nuzuata-shard-00-02.atowa5p.mongodb.net\n    at Timeout._onTimeout (C:\\Users\\sande\\Desktop\\choosemood\\backend\\rider-services\\node_modules\\mongodb\\lib\\sdam\\topology.js:278:38)\n    at listOnTimeout (node:internal/timers:635:17)\n    at process.processTimers (node:internal/timers:571:7)","timestamp":"2026-08-09 20:21:21"}
{"level":"warn","message":"fetchTrackingByOrderId returned 404: {\"success\":false,\"message\":\"Route not found\"}","service":"rider-service","timestamp":"2026-08-09 20:21:55"}
{"level":"warn","message":"fetchTrackingByOrderId returned 404: {\"success\":false,\"message\":\"Route not found\"}","service":"rider-service","timestamp":"2026-08-09 20:21:55"}
{"level":"warn","message":"fetchTrackingByOrderId returned 404: {\"success\":false,\"message\":\"Route not found\"}","service":"rider-service","timestamp":"2026-08-09 20:21:55"}
{"level":"warn","message":"fetchTrackingByOrderId returned 404: {\"success\":false,\"message\":\"Route not found\"}","service":"rider-service","timestamp":"2026-08-09 20:21:55"}
{"level":"warn","message":"fetchTrackingByOrderId returned 404: {\"success\":false,\"message\":\"Route not found\"}","service":"rider-service","timestamp":"2026-08-09 20:22:37"}
{"level":"warn","message":"fetchTrackingByOrderId returned 404: {\"success\":false,\"message\":\"Route not found\"}","service":"rider-service","timestamp":"2026-08-09 20:22:37"}
{"level":"warn","message":"fetchTrackingByOrderId returned 404: {\"success\":false,\"message\":\"Route not found\"}","service":"rider-service","timestamp":"2026-08-09 20:23:37"}
{"level":"warn","message":"fetchTrackingByOrderId returned 404: {\"success\":false,\"message\":\"Route not found\"}","service":"rider-service","timestamp":"2026-08-09 20:23:37"}
{"level":"warn","message":"fetchTrackingByOrderId returned 404: {\"success\":false,\"message\":\"Route not found\"}","service":"rider-service","timestamp":"2026-08-09 20:24:30"}
{"level":"warn","message":"fetchTrackingByOrderId returned 404: {\"success\":false,\"message\":\"Route not found\"}","service":"rider-service","timestamp":"2026-08-09 20:24:30"}
{"level":"warn","message":"fetchTrackingByOrderId returned 404: {\"success\":false,\"message\":\"Route not found\"}","service":"rider-service","timestamp":"2026-08-09 20:24:52"}
{"level":"warn","message":"fetchTrackingByOrderId returned 404: {\"success\":false,\"message\":\"Route not found\"}","service":"rider-service","timestamp":"2026-08-09 20:24:52"}
{"level":"warn","message":"fetchTrackingByOrderId returned 404: {\"success\":false,\"message\":\"Route not found\"}","service":"rider-service","timestamp":"2026-08-09 20:25:22"}
{"level":"warn","message":"fetchTrackingByOrderId returned 404: {\"success\":false,\"message\":\"Route not found\"}","service":"rider-service","timestamp":"2026-08-09 20:25:22"}
{"level":"warn","message":"fetchTrackingByOrderId returned 404: {\"success\":false,\"message\":\"Route not found\"}","service":"rider-service","timestamp":"2026-08-09 20:26:23"}
{"level":"warn","message":"fetchTrackingByOrderId returned 404: {\"success\":false,\"message\":\"Route not found\"}","service":"rider-service","timestamp":"2026-08-09 20:26:23"}
{"level":"warn","message":"fetchTrackingByOrderId returned 404: {\"success\":false,\"message\":\"Route not found\"}","service":"rider-service","timestamp":"2026-08-09 20:27:24"}
{"level":"warn","message":"fetchTrackingByOrderId returned 404: {\"success\":false,\"message\":\"Route not found\"}","service":"rider-service","timestamp":"2026-08-09 20:27:24"}
{"level":"warn","message":"fetchTrackingByOrderId returned 404: {\"success\":false,\"message\":\"Route not found\"}","service":"rider-service","timestamp":"2026-08-09 20:28:25"}
{"level":"warn","message":"fetchTrackingByOrderId returned 404: {\"success\":false,\"message\":\"Route not found\"}","service":"rider-service","timestamp":"2026-08-09 20:28:25"}
{"level":"warn","message":"fetchTrackingByOrderId returned 404: {\"success\":false,\"message\":\"Route not found\"}","service":"rider-service","timestamp":"2026-08-09 20:29:26"}
{"level":"warn","message":"fetchTrackingByOrderId returned 404: {\"success\":false,\"message\":\"Route not found\"}","service":"rider-service","timestamp":"2026-08-09 20:29:26"}
{"level":"warn","message":"fetchTrackingByOrderId returned 404: {\"success\":false,\"message\":\"Route not found\"}","service":"rider-service","timestamp":"2026-08-09 20:30:28"}
{"level":"warn","message":"fetchTrackingByOrderId returned 404: {\"success\":false,\"message\":\"Route not found\"}","service":"rider-service","timestamp":"2026-08-09 20:30:28"}
{"level":"warn","message":"fetchTrackingByOrderId returned 404: {\"success\":false,\"message\":\"Route not found\"}","service":"rider-service","timestamp":"2026-08-09 20:31:14"}
{"level":"warn","message":"fetchTrackingByOrderId returned 404: {\"success\":false,\"message\":\"Route not found\"}","service":"rider-service","timestamp":"2026-08-09 20:31:14"}
{"level":"warn","message":"fetchTrackingByOrderId returned 404: {\"success\":false,\"message\":\"Route not found\"}","service":"rider-service","timestamp":"2026-08-09 20:31:21"}
{"level":"warn","message":"fetchTrackingByOrderId returned 404: {\"success\":false,\"message\":\"Route not found\"}","service":"rider-service","timestamp":"2026-08-09 20:31:21"}
{"level":"warn","message":"fetchTrackingByOrderId returned 404: {\"success\":false,\"message\":\"Route not found\"}","service":"rider-service","timestamp":"2026-08-09 20:31:56"}
{"level":"warn","message":"fetchTrackingByOrderId returned 404: {\"success\":false,\"message\":\"Route not found\"}","service":"rider-service","timestamp":"2026-08-09 20:31:56"}
{"level":"warn","message":"fetchTrackingByOrderId returned 404: {\"success\":false,\"message\":\"Route not found\"}","service":"rider-service","timestamp":"2026-08-09 20:32:37"}
{"level":"warn","message":"fetchTrackingByOrderId returned 404: {\"success\":false,\"message\":\"Route not found\"}","service":"rider-service","timestamp":"2026-08-09 20:32:37"}
{"level":"warn","message":"fetchTrackingByOrderId returned 404: {\"success\":false,\"message\":\"Route not found\"}","service":"rider-service","timestamp":"2026-08-09 20:33:37"}
{"level":"warn","message":"fetchTrackingByOrderId returned 404: {\"success\":false,\"message\":\"Route not found\"}","service":"rider-service","timestamp":"2026-08-09 20:33:37"}
{"level":"warn","message":"fetchTrackingByOrderId returned 404: {\"success\":false,\"message\":\"Route not found\"}","service":"rider-service","timestamp":"2026-08-09 20:34:37"}
{"level":"warn","message":"fetchTrackingByOrderId returned 404: {\"success\":false,\"message\":\"Route not found\"}","service":"rider-service","timestamp":"2026-08-09 20:34:37"}
{"level":"warn","message":"fetchTrackingByOrderId returned 404: {\"success\":false,\"message\":\"Route not found\"}","service":"rider-service","timestamp":"2026-08-09 20:35:37"}
{"level":"warn","message":"fetchTrackingByOrderId returned 404: {\"success\":false,\"message\":\"Route not found\"}","service":"rider-service","timestamp":"2026-08-09 20:35:37"}
{"level":"warn","message":"fetchTrackingByOrderId returned 404: {\"success\":false,\"message\":\"Route not found\"}","service":"rider-service","timestamp":"2026-08-09 20:36:37"}
{"level":"warn","message":"fetchTrackingByOrderId returned 404: {\"success\":false,\"message\":\"Route not found\"}","service":"rider-service","timestamp":"2026-08-09 20:36:37"}
{"level":"warn","message":"fetchTrackingByOrderId returned 404: {\"success\":false,\"message\":\"Route not found\"}","service":"rider-service","timestamp":"2026-08-09 20:37:37"}
{"level":"warn","message":"fetchTrackingByOrderId returned 404: {\"success\":false,\"message\":\"Route not found\"}","service":"rider-service","timestamp":"2026-08-09 20:37:37"}
{"level":"warn","message":"fetchTrackingByOrderId returned 404: {\"success\":false,\"message\":\"Route not found\"}","service":"rider-service","timestamp":"2026-08-09 20:38:37"}
{"level":"warn","message":"fetchTrackingByOrderId returned 404: {\"success\":false,\"message\":\"Route not found\"}","service":"rider-service","timestamp":"2026-08-09 20:38:37"}
{"level":"warn","message":"fetchTrackingByOrderId returned 404: {\"success\":false,\"message\":\"Route not found\"}","service":"rider-service","timestamp":"2026-08-09 20:39:25"}
{"level":"warn","message":"fetchTrackingByOrderId returned 404: {\"success\":false,\"message\":\"Route not found\"}","service":"rider-service","timestamp":"2026-08-09 20:39:25"}
{"level":"warn","message":"fetchTrackingByOrderId returned 404: {\"success\":false,\"message\":\"Route not found\"}","service":"rider-service","timestamp":"2026-08-09 20:39:52"}
{"level":"warn","message":"fetchTrackingByOrderId returned 404: {\"success\":false,\"message\":\"Route not found\"}","service":"rider-service","timestamp":"2026-08-09 20:39:52"}
{"level":"warn","message":"fetchTrackingByOrderId returned 404: {\"success\":false,\"message\":\"Route not found\"}","service":"rider-service","timestamp":"2026-08-09 20:40:24"}
{"level":"warn","message":"fetchTrackingByOrderId returned 404: {\"success\":false,\"message\":\"Route not found\"}","service":"rider-service","timestamp":"2026-08-09 20:40:24"}
{"level":"warn","message":"fetchTrackingByOrderId returned 404: {\"success\":false,\"message\":\"Route not found\"}","service":"rider-service","timestamp":"2026-08-09 20:40:51"}
{"level":"warn","message":"fetchTrackingByOrderId returned 404: {\"success\":false,\"message\":\"Route not found\"}","service":"rider-service","timestamp":"2026-08-09 20:40:51"}
{"level":"warn","message":"fetchTrackingByOrderId returned 404: {\"success\":false,\"message\":\"Route not found\"}","service":"rider-service","timestamp":"2026-08-09 20:41:23"}
{"level":"warn","message":"fetchTrackingByOrderId returned 404: {\"success\":false,\"message\":\"Route not found\"}","service":"rider-service","timestamp":"2026-08-09 20:41:23"}
{"level":"warn","message":"fetchTrackingByOrderId returned 404: {\"success\":false,\"message\":\"Route not found\"}","service":"rider-service","timestamp":"2026-08-09 20:41:52"}
{"level":"warn","message":"fetchTrackingByOrderId returned 404: {\"success\":false,\"message\":\"Route not found\"}","service":"rider-service","timestamp":"2026-08-09 20:41:52"}
{"level":"warn","message":"fetchTrackingByOrderId returned 404: {\"success\":false,\"message\":\"Route not found\"}","service":"rider-service","timestamp":"2026-08-09 20:42:21"}
{"level":"warn","message":"fetchTrackingByOrderId returned 404: {\"success\":false,\"message\":\"Route not found\"}","service":"rider-service","timestamp":"2026-08-09 20:42:21"}
{"level":"warn","message":"fetchTrackingByOrderId returned 404: {\"success\":false,\"message\":\"Route not found\"}","service":"rider-service","timestamp":"2026-08-09 20:42:26"}
{"level":"warn","message":"fetchTrackingByOrderId returned 404: {\"success\":false,\"message\":\"Route not found\"}","service":"rider-service","timestamp":"2026-08-09 20:42:26"}
{"level":"warn","message":"fetchTrackingByOrderId returned 404: {\"success\":false,\"message\":\"Route not found\"}","service":"rider-service","timestamp":"2026-08-09 20:42:26"}
{"level":"warn","message":"fetchTrackingByOrderId returned 404: {\"success\":false,\"message\":\"Route not found\"}","service":"rider-service","timestamp":"2026-08-09 20:42:26"}
{"level":"warn","message":"fetchTrackingByOrderId returned 404: {\"success\":false,\"message\":\"Route not found\"}","service":"rider-service","timestamp":"2026-08-09 20:42:57"}
{"level":"warn","message":"fetchTrackingByOrderId returned 404: {\"success\":false,\"message\":\"Route not found\"}","service":"rider-service","timestamp":"2026-08-09 20:42:57"}
{"level":"warn","message":"fetchTrackingByOrderId returned 404: {\"success\":false,\"message\":\"Route not found\"}","service":"rider-service","timestamp":"2026-08-09 20:43:27"}
{"level":"warn","message":"fetchTrackingByOrderId returned 404: {\"success\":false,\"message\":\"Route not found\"}","service":"rider-service","timestamp":"2026-08-09 20:43:27"}
{"level":"warn","message":"fetchTrackingByOrderId returned 404: {\"success\":false,\"message\":\"Route not found\"}","service":"rider-service","timestamp":"2026-08-09 20:43:57"}
{"level":"warn","message":"fetchTrackingByOrderId returned 404: {\"success\":false,\"message\":\"Route not found\"}","service":"rider-service","timestamp":"2026-08-09 20:43:57"}
{"level":"warn","message":"fetchTrackingByOrderId returned 404: {\"success\":false,\"message\":\"Route not found\"}","service":"rider-service","timestamp":"2026-08-09 20:44:27"}
{"level":"warn","message":"fetchTrackingByOrderId returned 404: {\"success\":false,\"message\":\"Route not found\"}","service":"rider-service","timestamp":"2026-08-09 20:44:27"}
{"level":"warn","message":"fetchTrackingByOrderId returned 404: {\"success\":false,\"message\":\"Route not found\"}","service":"rider-service","timestamp":"2026-08-09 20:44:57"}
{"level":"warn","message":"fetchTrackingByOrderId returned 404: {\"success\":false,\"message\":\"Route not found\"}","service":"rider-service","timestamp":"2026-08-09 20:44:57"}
{"level":"warn","message":"fetchTrackingByOrderId returned 404: {\"success\":false,\"message\":\"Route not found\"}","service":"rider-service","timestamp":"2026-08-09 20:45:27"}
{"level":"warn","message":"fetchTrackingByOrderId returned 404: {\"success\":false,\"message\":\"Route not found\"}","service":"rider-service","timestamp":"2026-08-09 20:45:27"}
{"level":"warn","message":"fetchTrackingByOrderId returned 404: {\"success\":false,\"message\":\"Route not found\"}","service":"rider-service","timestamp":"2026-08-09 20:45:57"}
{"level":"warn","message":"fetchTrackingByOrderId returned 404: {\"success\":false,\"message\":\"Route not found\"}","service":"rider-service","timestamp":"2026-08-09 20:45:57"}
{"level":"warn","message":"fetchTrackingByOrderId returned 404: {\"success\":false,\"message\":\"Route not found\"}","service":"rider-service","timestamp":"2026-08-09 20:46:37"}
{"level":"warn","message":"fetchTrackingByOrderId returned 404: {\"success\":false,\"message\":\"Route not found\"}","service":"rider-service","timestamp":"2026-08-09 20:46:37"}
{"level":"warn","message":"fetchTrackingByOrderId returned 404: {\"success\":false,\"message\":\"Route not found\"}","service":"rider-service","timestamp":"2026-08-09 20:47:37"}
{"level":"warn","message":"fetchTrackingByOrderId returned 404: {\"success\":false,\"message\":\"Route not found\"}","service":"rider-service","timestamp":"2026-08-09 20:47:37"}
{"level":"warn","message":"fetchTrackingByOrderId returned 404: {\"success\":false,\"message\":\"Route not found\"}","service":"rider-service","timestamp":"2026-08-09 20:48:37"}
{"level":"warn","message":"fetchTrackingByOrderId returned 404: {\"success\":false,\"message\":\"Route not found\"}","service":"rider-service","timestamp":"2026-08-09 20:48:37"}
{"level":"warn","message":"Mongoose disconnected from MongoDB","service":"rider-service","timestamp":"2026-08-09 20:49:20"}
{"level":"warn","message":"fetchTrackingByOrderId returned 404: {\"success\":false,\"message\":\"Route not found\"}","service":"rider-service","timestamp":"2026-08-09 20:49:37"}
{"level":"warn","message":"fetchTrackingByOrderId returned 404: {\"success\":false,\"message\":\"Route not found\"}","service":"rider-service","timestamp":"2026-08-09 20:49:37"}
{"level":"warn","message":"fetchTrackingByOrderId returned 404: {\"success\":false,\"message\":\"Route not found\"}","service":"rider-service","timestamp":"2026-08-09 20:50:37"}
{"level":"warn","message":"fetchTrackingByOrderId returned 404: {\"success\":false,\"message\":\"Route not found\"}","service":"rider-service","timestamp":"2026-08-09 20:50:37"}
{"level":"warn","message":"fetchTrackingByOrderId returned 404: {\"success\":false,\"message\":\"Route not found\"}","service":"rider-service","timestamp":"2026-08-09 20:51:37"}
{"level":"warn","message":"fetchTrackingByOrderId returned 404: {\"success\":false,\"message\":\"Route not found\"}","service":"rider-service","timestamp":"2026-08-09 20:51:37"}
{"level":"warn","message":"fetchTrackingByOrderId returned 404: {\"success\":false,\"message\":\"Route not found\"}","service":"rider-service","timestamp":"2026-08-09 20:52:30"}
{"level":"warn","message":"fetchTrackingByOrderId returned 404: {\"success\":false,\"message\":\"Route not found\"}","service":"rider-service","timestamp":"2026-08-09 20:52:30"}
{"level":"warn","message":"fetchTrackingByOrderId returned 404: {\"success\":false,\"message\":\"Route not found\"}","service":"rider-service","timestamp":"2026-08-09 20:52:37"}
{"level":"warn","message":"fetchTrackingByOrderId returned 404: {\"success\":false,\"message\":\"Route not found\"}","service":"rider-service","timestamp":"2026-08-09 20:52:37"}
{"level":"warn","message":"fetchTrackingByOrderId returned 404: {\"success\":false,\"message\":\"Route not found\"}","service":"rider-service","timestamp":"2026-08-09 20:52:37"}
{"level":"warn","message":"fetchTrackingByOrderId returned 404: {\"success\":false,\"message\":\"Route not found\"}","service":"rider-service","timestamp":"2026-08-09 20:52:37"}
{"level":"warn","message":"fetchTrackingByOrderId returned 404: {\"success\":false,\"message\":\"Route not found\"}","service":"rider-service","timestamp":"2026-08-09 20:53:08"}
{"level":"warn","message":"fetchTrackingByOrderId returned 404: {\"success\":false,\"message\":\"Route not found\"}","service":"rider-service","timestamp":"2026-08-09 20:53:08"}
{"level":"warn","message":"fetchTrackingByOrderId returned 404: {\"success\":false,\"message\":\"Route not found\"}","service":"rider-service","timestamp":"2026-08-09 20:53:38"}
{"level":"warn","message":"fetchTrackingByOrderId returned 404: {\"success\":false,\"message\":\"Route not found\"}","service":"rider-service","timestamp":"2026-08-09 20:53:38"}
{"level":"warn","message":"fetchTrackingByOrderId returned 404: {\"success\":false,\"message\":\"Route not found\"}","service":"rider-service","timestamp":"2026-08-09 20:54:08"}
{"level":"warn","message":"fetchTrackingByOrderId returned 404: {\"success\":false,\"message\":\"Route not found\"}","service":"rider-service","timestamp":"2026-08-09 20:54:08"}
{"level":"warn","message":"fetchTrackingByOrderId returned 404: {\"success\":false,\"message\":\"Route not found\"}","service":"rider-service","timestamp":"2026-08-09 20:54:39"}
{"level":"warn","message":"fetchTrackingByOrderId returned 404: {\"success\":false,\"message\":\"Route not found\"}","service":"rider-service","timestamp":"2026-08-09 20:54:39"}
{"level":"warn","message":"fetchTrackingByOrderId returned 404: {\"success\":false,\"message\":\"Route not found\"}","service":"rider-service","timestamp":"2026-08-09 20:55:08"}
{"level":"warn","message":"fetchTrackingByOrderId returned 404: {\"success\":false,\"message\":\"Route not found\"}","service":"rider-service","timestamp":"2026-08-09 20:55:08"}
{"level":"warn","message":"fetchTrackingByOrderId returned 404: {\"success\":false,\"message\":\"Route not found\"}","service":"rider-service","timestamp":"2026-08-09 20:55:38"}
{"level":"warn","message":"fetchTrackingByOrderId returned 404: {\"success\":false,\"message\":\"Route not found\"}","service":"rider-service","timestamp":"2026-08-09 20:55:38"}
{"level":"warn","message":"fetchTrackingByOrderId returned 404: {\"success\":false,\"message\":\"Route not found\"}","service":"rider-service","timestamp":"2026-08-09 20:56:08"}
{"level":"warn","message":"fetchTrackingByOrderId returned 404: {\"success\":false,\"message\":\"Route not found\"}","service":"rider-service","timestamp":"2026-08-09 20:56:08"}
{"level":"warn","message":"fetchTrackingByOrderId returned 404: {\"success\":false,\"message\":\"Route not found\"}","service":"rider-service","timestamp":"2026-08-09 20:57:02"}
{"level":"warn","message":"fetchTrackingByOrderId returned 404: {\"success\":false,\"message\":\"Route not found\"}","service":"rider-service","timestamp":"2026-08-09 20:57:02"}
{"level":"warn","message":"fetchTrackingByOrderId returned 404: {\"success\":false,\"message\":\"Route not found\"}","service":"rider-service","timestamp":"2026-08-09 20:57:06"}
{"level":"warn","message":"fetchTrackingByOrderId returned 404: {\"success\":false,\"message\":\"Route not found\"}","service":"rider-service","timestamp":"2026-08-09 20:57:06"}
{"level":"warn","message":"fetchTrackingByOrderId returned 404: {\"success\":false,\"message\":\"Route not found\"}","service":"rider-service","timestamp":"2026-08-09 20:57:06"}
{"level":"warn","message":"fetchTrackingByOrderId returned 404: {\"success\":false,\"message\":\"Route not found\"}","service":"rider-service","timestamp":"2026-08-09 20:57:06"}
{"level":"warn","message":"fetchTrackingByOrderId returned 404: {\"success\":false,\"message\":\"Route not found\"}","service":"rider-service","timestamp":"2026-08-09 20:57:37"}
{"level":"warn","message":"fetchTrackingByOrderId returned 404: {\"success\":false,\"message\":\"Route not found\"}","service":"rider-service","timestamp":"2026-08-09 20:57:37"}
{"level":"warn","message":"fetchTrackingByOrderId returned 404: {\"success\":false,\"message\":\"Route not found\"}","service":"rider-service","timestamp":"2026-08-09 20:58:07"}
{"level":"warn","message":"fetchTrackingByOrderId returned 404: {\"success\":false,\"message\":\"Route not found\"}","service":"rider-service","timestamp":"2026-08-09 20:58:07"}
{"level":"warn","message":"fetchTrackingByOrderId returned 404: {\"success\":false,\"message\":\"Route not found\"}","service":"rider-service","timestamp":"2026-08-09 20:58:30"}
{"level":"info","message":"Order CM1786262492039345 assigned to rider sandeep","service":"rider-service","timestamp":"2026-08-09 20:58:30"}
{"level":"warn","message":"fetchTrackingByOrderId returned 404: {\"success\":false,\"message\":\"Route not found\"}","service":"rider-service","timestamp":"2026-08-09 20:58:37"}
{"level":"warn","message":"fetchTrackingByOrderId returned 404: {\"success\":false,\"message\":\"Route not found\"}","service":"rider-service","timestamp":"2026-08-09 20:58:37"}
{"level":"warn","message":"fetchTrackingByOrderId returned 404: {\"success\":false,\"message\":\"Route not found\"}","service":"rider-service","timestamp":"2026-08-09 20:58:37"}
{"level":"warn","message":"fetchTrackingByOrderId returned 404: {\"success\":false,\"message\":\"Route not found\"}","service":"rider-service","timestamp":"2026-08-09 20:59:07"}
{"level":"warn","message":"fetchTrackingByOrderId returned 404: {\"success\":false,\"message\":\"Route not found\"}","service":"rider-service","timestamp":"2026-08-09 20:59:07"}
{"level":"warn","message":"fetchTrackingByOrderId returned 404: {\"success\":false,\"message\":\"Route not found\"}","service":"rider-service","timestamp":"2026-08-09 20:59:07"}
{"level":"warn","message":"fetchTrackingByOrderId returned 404: {\"success\":false,\"message\":\"Route not found\"}","service":"rider-service","timestamp":"2026-08-09 20:59:37"}
{"level":"warn","message":"fetchTrackingByOrderId returned 404: {\"success\":false,\"message\":\"Route not found\"}","service":"rider-service","timestamp":"2026-08-09 20:59:37"}
{"level":"warn","message":"fetchTrackingByOrderId returned 404: {\"success\":false,\"message\":\"Route not found\"}","service":"rider-service","timestamp":"2026-08-09 20:59:37"}
{"level":"warn","message":"fetchTrackingByOrderId returned 404: {\"success\":false,\"message\":\"Route not found\"}","service":"rider-service","timestamp":"2026-08-09 21:00:07"}
{"level":"warn","message":"fetchTrackingByOrderId returned 404: {\"success\":false,\"message\":\"Route not found\"}","service":"rider-service","timestamp":"2026-08-09 21:00:07"}
{"level":"warn","message":"fetchTrackingByOrderId returned 404: {\"success\":false,\"message\":\"Route not found\"}","service":"rider-service","timestamp":"2026-08-09 21:00:07"}
{"level":"warn","message":"fetchTrackingByOrderId returned 404: {\"success\":false,\"message\":\"Route not found\"}","service":"rider-service","timestamp":"2026-08-09 21:00:37"}
{"level":"warn","message":"fetchTrackingByOrderId returned 404: {\"success\":false,\"message\":\"Route not found\"}","service":"rider-service","timestamp":"2026-08-09 21:00:37"}
{"level":"warn","message":"fetchTrackingByOrderId returned 404: {\"success\":false,\"message\":\"Route not found\"}","service":"rider-service","timestamp":"2026-08-09 21:00:37"}
{"level":"warn","message":"fetchTrackingByOrderId returned 404: {\"success\":false,\"message\":\"Route not found\"}","service":"rider-service","timestamp":"2026-08-09 21:01:37"}
{"level":"warn","message":"fetchTrackingByOrderId returned 404: {\"success\":false,\"message\":\"Route not found\"}","service":"rider-service","timestamp":"2026-08-09 21:01:37"}
{"level":"warn","message":"fetchTrackingByOrderId returned 404: {\"success\":false,\"message\":\"Route not found\"}","service":"rider-service","timestamp":"2026-08-09 21:01:37"}
{"level":"warn","message":"fetchTrackingByOrderId returned 404: {\"success\":false,\"message\":\"Route not found\"}","service":"rider-service","timestamp":"2026-08-09 21:02:28"}
{"level":"warn","message":"fetchTrackingByOrderId returned 404: {\"success\":false,\"message\":\"Route not found\"}","service":"rider-service","timestamp":"2026-08-09 21:02:28"}
{"level":"warn","message":"fetchTrackingByOrderId returned 404: {\"success\":false,\"message\":\"Route not found\"}","service":"rider-service","timestamp":"2026-08-09 21:02:28"}
{"level":"warn","message":"fetchTrackingByOrderId returned 404: {\"success\":false,\"message\":\"Route not found\"}","service":"rider-service","timestamp":"2026-08-09 21:02:34"}
{"level":"warn","message":"fetchTrackingByOrderId returned 404: {\"success\":false,\"message\":\"Route not found\"}","service":"rider-service","timestamp":"2026-08-09 21:02:34"}
{"level":"warn","message":"fetchTrackingByOrderId returned 404: {\"success\":false,\"message\":\"Route not found\"}","service":"rider-service","timestamp":"2026-08-09 21:02:35"}
{"level":"warn","message":"No tracking found for order 6a7833dc1df101712cf5e39d — auto-creating","service":"rider-service","timestamp":"2026-08-09 21:02:35"}
{"level":"warn","message":"createTrackingForOrder rejected (401) for order 6a7833dc1df101712cf5e39d: {\"success\":false,\"error\":\"Authentication required\",\"code\":\"NO_TOKEN\"}","service":"rider-service","timestamp":"2026-08-09 21:02:36"}
{"level":"warn","message":"Failed to auto-create tracking for order 6a7833dc1df101712cf5e39d","service":"rider-service","timestamp":"2026-08-09 21:02:36"}
{"level":"info","message":"Order service notified of rider status \"picked_up\" for order 6a7833dc1df101712cf5e39d","service":"rider-service","timestamp":"2026-08-09 21:02:36"}
{"level":"warn","message":"fetchTrackingByOrderId returned 404: {\"success\":false,\"message\":\"Route not found\"}","service":"rider-service","timestamp":"2026-08-09 21:02:37"}
{"level":"warn","message":"fetchTrackingByOrderId returned 404: {\"success\":false,\"message\":\"Route not found\"}","service":"rider-service","timestamp":"2026-08-09 21:02:38"}
{"level":"warn","message":"No tracking found for order 6a7833dc1df101712cf5e39d — auto-creating","service":"rider-service","timestamp":"2026-08-09 21:02:38"}
{"level":"warn","message":"createTrackingForOrder rejected (401) for order 6a7833dc1df101712cf5e39d: {\"success\":false,\"error\":\"Authentication required\",\"code\":\"NO_TOKEN\"}","service":"rider-service","timestamp":"2026-08-09 21:02:38"}
{"level":"warn","message":"Failed to auto-create tracking for order 6a7833dc1df101712cf5e39d","service":"rider-service","timestamp":"2026-08-09 21:02:38"}
{"level":"info","message":"Out for delivery email queued for: monuku821110@gmail.com","service":"rider-service","timestamp":"2026-08-09 21:02:38"}
{"level":"info","message":"Order service notified of rider status \"out_for_delivery\" for order 6a7833dc1df101712cf5e39d","service":"rider-service","timestamp":"2026-08-09 21:02:38"}
{"level":"warn","message":"fetchTrackingByOrderId returned 404: {\"success\":false,\"message\":\"Route not found\"}","service":"rider-service","timestamp":"2026-08-09 21:02:38"}
{"level":"info","message":"Payment collected for order CM1786262492039345: cash by rider 6a77557433f901e4dc8badd6","service":"rider-service","timestamp":"2026-08-09 21:02:41"}
{"level":"info","message":"Delivery OTP generated for order: 6a7833dc1df101712cf5e39d","service":"rider-service","timestamp":"2026-08-09 21:02:47"}
{"level":"info","message":"Delivery OTP email queued for: monuku821110@gmail.com","service":"rider-service","timestamp":"2026-08-09 21:02:47"}
{"level":"info","message":"Delivery OTP verified successfully for order: 6a7833dc1df101712cf5e39d","service":"rider-service","timestamp":"2026-08-09 21:03:03"}
{"level":"info","message":"Order service notified of rider status \"delivered\" for order 6a7833dc1df101712cf5e39d","service":"rider-service","timestamp":"2026-08-09 21:03:04"}
{"level":"info","message":"Delivery confirmed email queued for: monuku821110@gmail.com","service":"rider-service","timestamp":"2026-08-09 21:03:04"}
{"level":"warn","message":"fetchTrackingByOrderId returned 404: {\"success\":false,\"message\":\"Route not found\"}","service":"rider-service","timestamp":"2026-08-09 21:03:04"}
{"level":"warn","message":"fetchTrackingByOrderId returned 404: {\"success\":false,\"message\":\"Route not found\"}","service":"rider-service","timestamp":"2026-08-09 21:05:43"}
{"level":"warn","message":"fetchTrackingByOrderId returned 404: {\"success\":false,\"message\":\"Route not found\"}","service":"rider-service","timestamp":"2026-08-09 21:05:43"}
{"level":"warn","message":"fetchTrackingByOrderId returned 404: {\"success\":false,\"message\":\"Route not found\"}","service":"rider-service","timestamp":"2026-08-09 21:05:43"}
{"level":"warn","message":"fetchTrackingByOrderId returned 404: {\"success\":false,\"message\":\"Route not found\"}","service":"rider-service","timestamp":"2026-08-09 21:05:43"}
{"level":"warn","message":"fetchTrackingByOrderId returned 404: {\"success\":false,\"message\":\"Route not found\"}","service":"rider-service","timestamp":"2026-08-09 21:05:43"}
{"level":"warn","message":"fetchTrackingByOrderId returned 404: {\"success\":false,\"message\":\"Route not found\"}","service":"rider-service","timestamp":"2026-08-09 21:05:43"}
{"level":"warn","message":"fetchTrackingByOrderId returned 404: {\"success\":false,\"message\":\"Route not found\"}","service":"rider-service","timestamp":"2026-08-09 21:06:14"}
{"level":"warn","message":"fetchTrackingByOrderId returned 404: {\"success\":false,\"message\":\"Route not found\"}","service":"rider-service","timestamp":"2026-08-09 21:06:14"}
{"level":"warn","message":"fetchTrackingByOrderId returned 404: {\"success\":false,\"message\":\"Route not found\"}","service":"rider-service","timestamp":"2026-08-09 21:06:14"}
{"level":"warn","message":"fetchTrackingByOrderId returned 404: {\"success\":false,\"message\":\"Route not found\"}","service":"rider-service","timestamp":"2026-08-09 21:06:44"}
{"level":"warn","message":"fetchTrackingByOrderId returned 404: {\"success\":false,\"message\":\"Route not found\"}","service":"rider-service","timestamp":"2026-08-09 21:06:44"}
{"level":"warn","message":"fetchTrackingByOrderId returned 404: {\"success\":false,\"message\":\"Route not found\"}","service":"rider-service","timestamp":"2026-08-09 21:06:44"}
{"level":"warn","message":"fetchTrackingByOrderId returned 404: {\"success\":false,\"message\":\"Route not found\"}","service":"rider-service","timestamp":"2026-08-09 21:07:15"}
{"level":"warn","message":"fetchTrackingByOrderId returned 404: {\"success\":false,\"message\":\"Route not found\"}","service":"rider-service","timestamp":"2026-08-09 21:07:15"}
{"level":"warn","message":"fetchTrackingByOrderId returned 404: {\"success\":false,\"message\":\"Route not found\"}","service":"rider-service","timestamp":"2026-08-09 21:07:15"}
{"level":"warn","message":"fetchTrackingByOrderId returned 404: {\"success\":false,\"message\":\"Route not found\"}","service":"rider-service","timestamp":"2026-08-09 21:07:44"}
{"level":"warn","message":"fetchTrackingByOrderId returned 404: {\"success\":false,\"message\":\"Route not found\"}","service":"rider-service","timestamp":"2026-08-09 21:07:44"}
{"level":"warn","message":"fetchTrackingByOrderId returned 404: {\"success\":false,\"message\":\"Route not found\"}","service":"rider-service","timestamp":"2026-08-09 21:07:44"}
{"level":"warn","message":"fetchTrackingByOrderId returned 404: {\"success\":false,\"message\":\"Route not found\"}","service":"rider-service","timestamp":"2026-08-09 21:08:14"}
{"level":"warn","message":"fetchTrackingByOrderId returned 404: {\"success\":false,\"message\":\"Route not found\"}","service":"rider-service","timestamp":"2026-08-09 21:08:14"}
{"level":"warn","message":"fetchTrackingByOrderId returned 404: {\"success\":false,\"message\":\"Route not found\"}","service":"rider-service","timestamp":"2026-08-09 21:08:14"}
{"level":"warn","message":"fetchTrackingByOrderId returned 404: {\"success\":false,\"message\":\"Route not found\"}","service":"rider-service","timestamp":"2026-08-09 21:08:44"}
{"level":"warn","message":"fetchTrackingByOrderId returned 404: {\"success\":false,\"message\":\"Route not found\"}","service":"rider-service","timestamp":"2026-08-09 21:08:44"}
{"level":"warn","message":"fetchTrackingByOrderId returned 404: {\"success\":false,\"message\":\"Route not found\"}","service":"rider-service","timestamp":"2026-08-09 21:08:44"}
{"level":"warn","message":"fetchTrackingByOrderId returned 404: {\"success\":false,\"message\":\"Route not found\"}","service":"rider-service","timestamp":"2026-08-09 21:09:13"}
{"level":"warn","message":"fetchTrackingByOrderId returned 404: {\"success\":false,\"message\":\"Route not found\"}","service":"rider-service","timestamp":"2026-08-09 21:09:13"}
{"level":"warn","message":"fetchTrackingByOrderId returned 404: {\"success\":false,\"message\":\"Route not found\"}","service":"rider-service","timestamp":"2026-08-09 21:09:13"}
{"level":"warn","message":"fetchTrackingByOrderId returned 404: {\"success\":false,\"message\":\"Route not found\"}","service":"rider-service","timestamp":"2026-08-09 21:09:18"}
{"level":"warn","message":"fetchTrackingByOrderId returned 404: {\"success\":false,\"message\":\"Route not found\"}","service":"rider-service","timestamp":"2026-08-09 21:09:18"}
{"level":"warn","message":"fetchTrackingByOrderId returned 404: {\"success\":false,\"message\":\"Route not found\"}","service":"rider-service","timestamp":"2026-08-09 21:09:18"}
{"level":"warn","message":"fetchTrackingByOrderId returned 404: {\"success\":false,\"message\":\"Route not found\"}","service":"rider-service","timestamp":"2026-08-09 21:09:18"}
{"level":"warn","message":"fetchTrackingByOrderId returned 404: {\"success\":false,\"message\":\"Route not found\"}","service":"rider-service","timestamp":"2026-08-09 21:09:18"}
{"level":"warn","message":"fetchTrackingByOrderId returned 404: {\"success\":false,\"message\":\"Route not found\"}","service":"rider-service","timestamp":"2026-08-09 21:09:18"}
{"level":"warn","message":"fetchTrackingByOrderId returned 404: {\"success\":false,\"message\":\"Route not found\"}","service":"rider-service","timestamp":"2026-08-09 21:09:49"}
{"level":"warn","message":"fetchTrackingByOrderId returned 404: {\"success\":false,\"message\":\"Route not found\"}","service":"rider-service","timestamp":"2026-08-09 21:09:49"}
{"level":"warn","message":"fetchTrackingByOrderId returned 404: {\"success\":false,\"message\":\"Route not found\"}","service":"rider-service","timestamp":"2026-08-09 21:09:49"}
{"level":"warn","message":"fetchTrackingByOrderId returned 404: {\"success\":false,\"message\":\"Route not found\"}","service":"rider-service","timestamp":"2026-08-09 21:10:19"}
{"level":"warn","message":"fetchTrackingByOrderId returned 404: {\"success\":false,\"message\":\"Route not found\"}","service":"rider-service","timestamp":"2026-08-09 21:10:19"}
{"level":"warn","message":"fetchTrackingByOrderId returned 404: {\"success\":false,\"message\":\"Route not found\"}","service":"rider-service","timestamp":"2026-08-09 21:10:19"}
{"level":"warn","message":"fetchTrackingByOrderId returned 404: {\"success\":false,\"message\":\"Route not found\"}","service":"rider-service","timestamp":"2026-08-09 21:10:49"}
{"level":"warn","message":"fetchTrackingByOrderId returned 404: {\"success\":false,\"message\":\"Route not found\"}","service":"rider-service","timestamp":"2026-08-09 21:10:49"}
{"level":"warn","message":"fetchTrackingByOrderId returned 404: {\"success\":false,\"message\":\"Route not found\"}","service":"rider-service","timestamp":"2026-08-09 21:10:49"}
{"level":"warn","message":"fetchTrackingByOrderId returned 404: {\"success\":false,\"message\":\"Route not found\"}","service":"rider-service","timestamp":"2026-08-09 21:11:19"}
{"level":"warn","message":"fetchTrackingByOrderId returned 404: {\"success\":false,\"message\":\"Route not found\"}","service":"rider-service","timestamp":"2026-08-09 21:11:19"}
{"level":"warn","message":"fetchTrackingByOrderId returned 404: {\"success\":false,\"message\":\"Route not found\"}","service":"rider-service","timestamp":"2026-08-09 21:11:19"}
{"level":"warn","message":"fetchTrackingByOrderId returned 404: {\"success\":false,\"message\":\"Route not found\"}","service":"rider-service","timestamp":"2026-08-09 21:11:49"}
{"level":"warn","message":"fetchTrackingByOrderId returned 404: {\"success\":false,\"message\":\"Route not found\"}","service":"rider-service","timestamp":"2026-08-09 21:11:49"}
{"level":"warn","message":"fetchTrackingByOrderId returned 404: {\"success\":false,\"message\":\"Route not found\"}","service":"rider-service","timestamp":"2026-08-09 21:11:49"}
{"level":"warn","message":"fetchTrackingByOrderId returned 404: {\"success\":false,\"message\":\"Route not found\"}","service":"rider-service","timestamp":"2026-08-09 21:12:19"}
{"level":"warn","message":"fetchTrackingByOrderId returned 404: {\"success\":false,\"message\":\"Route not found\"}","service":"rider-service","timestamp":"2026-08-09 21:12:19"}
{"level":"warn","message":"fetchTrackingByOrderId returned 404: {\"success\":false,\"message\":\"Route not found\"}","service":"rider-service","timestamp":"2026-08-09 21:12:19"}
{"level":"warn","message":"fetchTrackingByOrderId returned 404: {\"success\":false,\"message\":\"Route not found\"}","service":"rider-service","timestamp":"2026-08-09 21:12:49"}
{"level":"warn","message":"fetchTrackingByOrderId returned 404: {\"success\":false,\"message\":\"Route not found\"}","service":"rider-service","timestamp":"2026-08-09 21:12:49"}
{"level":"warn","message":"fetchTrackingByOrderId returned 404: {\"success\":false,\"message\":\"Route not found\"}","service":"rider-service","timestamp":"2026-08-09 21:12:49"}
{"level":"warn","message":"fetchTrackingByOrderId returned 404: {\"success\":false,\"message\":\"Route not found\"}","service":"rider-service","timestamp":"2026-08-09 21:13:12"}
{"level":"warn","message":"fetchTrackingByOrderId returned 404: {\"success\":false,\"message\":\"Route not found\"}","service":"rider-service","timestamp":"2026-08-09 21:13:12"}
{"level":"warn","message":"fetchTrackingByOrderId returned 404: {\"success\":false,\"message\":\"Route not found\"}","service":"rider-service","timestamp":"2026-08-09 21:13:12"}
{"level":"warn","message":"fetchTrackingByOrderId returned 404: {\"success\":false,\"message\":\"Route not found\"}","service":"rider-service","timestamp":"2026-08-09 21:13:12"}
{"level":"warn","message":"fetchTrackingByOrderId returned 404: {\"success\":false,\"message\":\"Route not found\"}","service":"rider-service","timestamp":"2026-08-09 21:13:12"}
{"level":"warn","message":"fetchTrackingByOrderId returned 404: {\"success\":false,\"message\":\"Route not found\"}","service":"rider-service","timestamp":"2026-08-09 21:13:12"}
{"level":"warn","message":"fetchTrackingByOrderId returned 404: {\"success\":false,\"message\":\"Route not found\"}","service":"rider-service","timestamp":"2026-08-09 21:13:43"}
{"level":"warn","message":"fetchTrackingByOrderId returned 404: {\"success\":false,\"message\":\"Route not found\"}","service":"rider-service","timestamp":"2026-08-09 21:13:43"}
{"level":"warn","message":"fetchTrackingByOrderId returned 404: {\"success\":false,\"message\":\"Route not found\"}","service":"rider-service","timestamp":"2026-08-09 21:13:43"}
{"level":"warn","message":"fetchTrackingByOrderId returned 404: {\"success\":false,\"message\":\"Route not found\"}","service":"rider-service","timestamp":"2026-08-09 21:14:13"}
{"level":"warn","message":"fetchTrackingByOrderId returned 404: {\"success\":false,\"message\":\"Route not found\"}","service":"rider-service","timestamp":"2026-08-09 21:14:13"}
{"level":"warn","message":"fetchTrackingByOrderId returned 404: {\"success\":false,\"message\":\"Route not found\"}","service":"rider-service","timestamp":"2026-08-09 21:14:13"}
{"level":"warn","message":"fetchTrackingByOrderId returned 404: {\"success\":false,\"message\":\"Route not found\"}","service":"rider-service","timestamp":"2026-08-09 21:14:43"}
{"level":"warn","message":"fetchTrackingByOrderId returned 404: {\"success\":false,\"message\":\"Route not found\"}","service":"rider-service","timestamp":"2026-08-09 21:14:43"}
{"level":"warn","message":"fetchTrackingByOrderId returned 404: {\"success\":false,\"message\":\"Route not found\"}","service":"rider-service","timestamp":"2026-08-09 21:14:43"}
{"level":"warn","message":"fetchTrackingByOrderId returned 404: {\"success\":false,\"message\":\"Route not found\"}","service":"rider-service","timestamp":"2026-08-09 21:15:13"}
{"level":"warn","message":"fetchTrackingByOrderId returned 404: {\"success\":false,\"message\":\"Route not found\"}","service":"rider-service","timestamp":"2026-08-09 21:15:13"}
{"level":"warn","message":"fetchTrackingByOrderId returned 404: {\"success\":false,\"message\":\"Route not found\"}","service":"rider-service","timestamp":"2026-08-09 21:15:13"}
{"level":"warn","message":"fetchTrackingByOrderId returned 404: {\"success\":false,\"message\":\"Route not found\"}","service":"rider-service","timestamp":"2026-08-09 21:15:43"}
{"level":"warn","message":"fetchTrackingByOrderId returned 404: {\"success\":false,\"message\":\"Route not found\"}","service":"rider-service","timestamp":"2026-08-09 21:15:43"}
{"level":"warn","message":"fetchTrackingByOrderId returned 404: {\"success\":false,\"message\":\"Route not found\"}","service":"rider-service","timestamp":"2026-08-09 21:15:43"}
{"level":"warn","message":"fetchTrackingByOrderId returned 404: {\"success\":false,\"message\":\"Route not found\"}","service":"rider-service","timestamp":"2026-08-09 21:16:14"}
{"level":"warn","message":"fetchTrackingByOrderId returned 404: {\"success\":false,\"message\":\"Route not found\"}","service":"rider-service","timestamp":"2026-08-09 21:16:14"}
{"level":"warn","message":"fetchTrackingByOrderId returned 404: {\"success\":false,\"message\":\"Route not found\"}","service":"rider-service","timestamp":"2026-08-09 21:16:14"}
{"level":"warn","message":"fetchTrackingByOrderId returned 404: {\"success\":false,\"message\":\"Route not found\"}","service":"rider-service","timestamp":"2026-08-09 21:16:43"}
{"level":"warn","message":"fetchTrackingByOrderId returned 404: {\"success\":false,\"message\":\"Route not found\"}","service":"rider-service","timestamp":"2026-08-09 21:16:43"}
{"level":"warn","message":"fetchTrackingByOrderId returned 404: {\"success\":false,\"message\":\"Route not found\"}","service":"rider-service","timestamp":"2026-08-09 21:16:43"}
{"level":"warn","message":"fetchTrackingByOrderId returned 404: {\"success\":false,\"message\":\"Route not found\"}","service":"rider-service","timestamp":"2026-08-09 21:17:13"}
{"level":"warn","message":"fetchTrackingByOrderId returned 404: {\"success\":false,\"message\":\"Route not found\"}","service":"rider-service","timestamp":"2026-08-09 21:17:13"}
{"level":"warn","message":"fetchTrackingByOrderId returned 404: {\"success\":false,\"message\":\"Route not found\"}","service":"rider-service","timestamp":"2026-08-09 21:17:13"}
{"level":"warn","message":"fetchTrackingByOrderId returned 404: {\"success\":false,\"message\":\"Route not found\"}","service":"rider-service","timestamp":"2026-08-09 21:17:43"}
{"level":"warn","message":"fetchTrackingByOrderId returned 404: {\"success\":false,\"message\":\"Route not found\"}","service":"rider-service","timestamp":"2026-08-09 21:17:43"}
{"level":"warn","message":"fetchTrackingByOrderId returned 404: {\"success\":false,\"message\":\"Route not found\"}","service":"rider-service","timestamp":"2026-08-09 21:17:43"}
{"level":"warn","message":"fetchTrackingByOrderId returned 404: {\"success\":false,\"message\":\"Route not found\"}","service":"rider-service","timestamp":"2026-08-09 21:18:14"}
{"level":"warn","message":"fetchTrackingByOrderId returned 404: {\"success\":false,\"message\":\"Route not found\"}","service":"rider-service","timestamp":"2026-08-09 21:18:14"}
{"level":"warn","message":"fetchTrackingByOrderId returned 404: {\"success\":false,\"message\":\"Route not found\"}","service":"rider-service","timestamp":"2026-08-09 21:18:14"}
{"level":"warn","message":"fetchTrackingByOrderId returned 404: {\"success\":false,\"message\":\"Route not found\"}","service":"rider-service","timestamp":"2026-08-09 21:18:48"}
{"level":"warn","message":"fetchTrackingByOrderId returned 404: {\"success\":false,\"message\":\"Route not found\"}","service":"rider-service","timestamp":"2026-08-09 21:18:48"}
{"level":"warn","message":"fetchTrackingByOrderId returned 404: {\"success\":false,\"message\":\"Route not found\"}","service":"rider-service","timestamp":"2026-08-09 21:18:48"}
{"level":"warn","message":"fetchTrackingByOrderId returned 404: {\"success\":false,\"message\":\"Route not found\"}","service":"rider-service","timestamp":"2026-08-09 21:19:41"}
{"level":"warn","message":"fetchTrackingByOrderId returned 404: {\"success\":false,\"message\":\"Route not found\"}","service":"rider-service","timestamp":"2026-08-09 21:19:41"}
{"level":"warn","message":"fetchTrackingByOrderId returned 404: {\"success\":false,\"message\":\"Route not found\"}","service":"rider-service","timestamp":"2026-08-09 21:19:41"}
{"level":"warn","message":"fetchTrackingByOrderId returned 404: {\"success\":false,\"message\":\"Route not found\"}","service":"rider-service","timestamp":"2026-08-09 21:20:39"}
{"level":"warn","message":"fetchTrackingByOrderId returned 404: {\"success\":false,\"message\":\"Route not found\"}","service":"rider-service","timestamp":"2026-08-09 21:20:39"}
{"level":"warn","message":"fetchTrackingByOrderId returned 404: {\"success\":false,\"message\":\"Route not found\"}","service":"rider-service","timestamp":"2026-08-09 21:20:39"}
{"level":"warn","message":"fetchTrackingByOrderId returned 404: {\"success\":false,\"message\":\"Route not found\"}","service":"rider-service","timestamp":"2026-08-09 21:20:51"}
{"level":"warn","message":"fetchTrackingByOrderId returned 404: {\"success\":false,\"message\":\"Route not found\"}","service":"rider-service","timestamp":"2026-08-09 21:20:51"}
{"level":"warn","message":"fetchTrackingByOrderId returned 404: {\"success\":false,\"message\":\"Route not found\"}","service":"rider-service","timestamp":"2026-08-09 21:20:51"}
{"level":"info","message":"Redis connected","service":"rider-service","timestamp":"2026-08-11 07:00:58"}
{"level":"info","message":"Redis ready","service":"rider-service","timestamp":"2026-08-11 07:00:58"}
{"level":"info","message":"MongoDB connected","service":"rider-service","timestamp":"2026-08-11 07:00:59"}
{"level":"info","message":"RabbitMQ connected","service":"rider-service","timestamp":"2026-08-11 07:01:00"}
{"level":"info","message":"Rider service running on port 7011","service":"rider-service","timestamp":"2026-08-11 07:01:00"}
{"level":"warn","message":"Mongoose disconnected from MongoDB","service":"rider-service","timestamp":"2026-08-11 10:07:53"}
{"level":"info","message":"Redis connected","service":"rider-service","timestamp":"2026-08-11 11:07:37"}
{"level":"info","message":"Redis ready","service":"rider-service","timestamp":"2026-08-11 11:07:37"}
{"level":"info","message":"MongoDB connected","service":"rider-service","timestamp":"2026-08-11 11:07:38"}
{"level":"info","message":"RabbitMQ connected","service":"rider-service","timestamp":"2026-08-11 11:07:38"}
{"level":"info","message":"Rider service running on port 7011","service":"rider-service","timestamp":"2026-08-11 11:07:38"}
{"level":"info","message":"Redis connected","service":"rider-service","timestamp":"2026-08-11 11:07:50"}
{"level":"info","message":"Redis ready","service":"rider-service","timestamp":"2026-08-11 11:07:50"}
{"level":"info","message":"MongoDB connected","service":"rider-service","timestamp":"2026-08-11 11:07:52"}
{"level":"info","message":"RabbitMQ connected","service":"rider-service","timestamp":"2026-08-11 11:07:52"}
{"level":"info","message":"Rider service running on port 7011","service":"rider-service","timestamp":"2026-08-11 11:07:52"}
{"level":"info","message":"Redis connected","service":"rider-service","timestamp":"2026-08-11 11:08:51"}
{"level":"info","message":"Redis ready","service":"rider-service","timestamp":"2026-08-11 11:08:51"}
{"level":"info","message":"MongoDB connected","service":"rider-service","timestamp":"2026-08-11 11:08:52"}
{"level":"info","message":"RabbitMQ connected","service":"rider-service","timestamp":"2026-08-11 11:08:52"}
{"level":"info","message":"Rider service running on port 7011","service":"rider-service","timestamp":"2026-08-11 11:08:52"}
{"level":"info","message":"Redis connected","service":"rider-service","timestamp":"2026-08-11 11:08:59"}
{"level":"info","message":"Redis ready","service":"rider-service","timestamp":"2026-08-11 11:08:59"}
{"level":"info","message":"MongoDB connected","service":"rider-service","timestamp":"2026-08-11 11:09:00"}
{"level":"info","message":"RabbitMQ connected","service":"rider-service","timestamp":"2026-08-11 11:09:00"}
{"level":"info","message":"Rider service running on port 7011","service":"rider-service","timestamp":"2026-08-11 11:09:00"}
{"level":"info","message":"Redis connected","service":"rider-service","timestamp":"2026-08-11 11:09:10"}
{"level":"info","message":"Redis ready","service":"rider-service","timestamp":"2026-08-11 11:09:10"}
{"level":"info","message":"MongoDB connected","service":"rider-service","timestamp":"2026-08-11 11:09:12"}
{"level":"info","message":"RabbitMQ connected","service":"rider-service","timestamp":"2026-08-11 11:09:12"}
{"level":"info","message":"Rider service running on port 7011","service":"rider-service","timestamp":"2026-08-11 11:09:12"}
{"level":"info","message":"Redis connected","service":"rider-service","timestamp":"2026-08-11 11:09:19"}
{"level":"info","message":"Redis ready","service":"rider-service","timestamp":"2026-08-11 11:09:19"}
{"level":"info","message":"MongoDB connected","service":"rider-service","timestamp":"2026-08-11 11:09:21"}
{"level":"info","message":"RabbitMQ connected","service":"rider-service","timestamp":"2026-08-11 11:09:21"}
{"level":"info","message":"Rider service running on port 7011","service":"rider-service","timestamp":"2026-08-11 11:09:21"}
{"level":"info","message":"Redis connected","service":"rider-service","timestamp":"2026-08-11 11:09:28"}
{"level":"info","message":"Redis ready","service":"rider-service","timestamp":"2026-08-11 11:09:28"}
{"level":"info","message":"MongoDB connected","service":"rider-service","timestamp":"2026-08-11 11:09:30"}
{"level":"info","message":"RabbitMQ connected","service":"rider-service","timestamp":"2026-08-11 11:09:30"}
{"level":"info","message":"Rider service running on port 7011","service":"rider-service","timestamp":"2026-08-11 11:09:30"}
{"level":"info","message":"Redis connected","service":"rider-service","timestamp":"2026-08-11 11:09:36"}
{"level":"info","message":"Redis ready","service":"rider-service","timestamp":"2026-08-11 11:09:36"}
{"level":"info","message":"MongoDB connected","service":"rider-service","timestamp":"2026-08-11 11:09:37"}
{"level":"info","message":"RabbitMQ connected","service":"rider-service","timestamp":"2026-08-11 11:09:38"}
{"level":"info","message":"Rider service running on port 7011","service":"rider-service","timestamp":"2026-08-11 11:09:38"}
{"level":"info","message":"Redis connected","service":"rider-service","timestamp":"2026-08-11 11:09:41"}
{"level":"info","message":"Redis ready","service":"rider-service","timestamp":"2026-08-11 11:09:41"}
{"level":"info","message":"MongoDB connected","service":"rider-service","timestamp":"2026-08-11 11:09:43"}
{"level":"info","message":"RabbitMQ connected","service":"rider-service","timestamp":"2026-08-11 11:09:43"}
{"level":"info","message":"Rider service running on port 7011","service":"rider-service","timestamp":"2026-08-11 11:09:43"}
{"level":"info","message":"Redis connected","service":"rider-service","timestamp":"2026-08-11 11:09:49"}
{"level":"info","message":"Redis ready","service":"rider-service","timestamp":"2026-08-11 11:09:49"}
{"level":"info","message":"MongoDB connected","service":"rider-service","timestamp":"2026-08-11 11:09:51"}
{"level":"info","message":"RabbitMQ connected","service":"rider-service","timestamp":"2026-08-11 11:09:51"}
{"level":"info","message":"Rider service running on port 7011","service":"rider-service","timestamp":"2026-08-11 11:09:51"}
{"level":"error","message":"Auth middleware error:","service":"rider-service","timestamp":"2026-08-11 11:21:01"}
{"level":"info","message":"OTP generated for rider email: rider@example.com","service":"rider-service","timestamp":"2026-08-11 11:21:01"}
{"level":"info","message":"Delivery OTP generated for order: order-123","service":"rider-service","timestamp":"2026-08-11 11:21:01"}
{"level":"info","message":"OTP generated for rider email: rider@example.com","service":"rider-service","timestamp":"2026-08-11 11:21:01"}
{"level":"info","message":"OTP verified successfully for rider email: rider@example.com","service":"rider-service","timestamp":"2026-08-11 11:21:01"}
{"level":"info","message":"OTP generated for rider email: rider@example.com","service":"rider-service","timestamp":"2026-08-11 11:21:01"}
{"level":"warn","message":"Invalid OTP attempt for rider email: rider@example.com","service":"rider-service","timestamp":"2026-08-11 11:21:01"}
{"level":"info","message":"OTP generated for rider email: rider@example.com","service":"rider-service","timestamp":"2026-08-11 11:21:01"}
{"level":"warn","message":"Invalid OTP attempt for rider email: rider@example.com","service":"rider-service","timestamp":"2026-08-11 11:21:01"}
{"level":"warn","message":"Invalid OTP attempt for rider email: rider@example.com","service":"rider-service","timestamp":"2026-08-11 11:21:01"}
{"level":"warn","message":"Invalid OTP attempt for rider email: rider@example.com","service":"rider-service","timestamp":"2026-08-11 11:21:01"}
{"level":"warn","message":"Invalid OTP attempt for rider email: rider@example.com","service":"rider-service","timestamp":"2026-08-11 11:21:01"}
{"level":"warn","message":"Invalid OTP attempt for rider email: rider@example.com","service":"rider-service","timestamp":"2026-08-11 11:21:01"}
{"level":"warn","message":"OTP brute force detected for rider email: rider@example.com. OTP deleted.","service":"rider-service","timestamp":"2026-08-11 11:21:01"}
{"level":"warn","message":"OTP not found or expired for rider email: nobody@example.com","service":"rider-service","timestamp":"2026-08-11 11:21:01"}
{"level":"info","message":"Delivery OTP generated for order: order-123","service":"rider-service","timestamp":"2026-08-11 11:21:01"}
{"level":"info","message":"Delivery OTP verified successfully for order: order-123","service":"rider-service","timestamp":"2026-08-11 11:21:01"}
{"level":"info","message":"Delivery OTP generated for order: order-123","service":"rider-service","timestamp":"2026-08-11 11:21:01"}
{"level":"warn","message":"Invalid delivery OTP attempt for order: order-123","service":"rider-service","timestamp":"2026-08-11 11:21:01"}
{"level":"warn","message":"fetchTrackingByOrderId returned 404: {\"success\":false,\"message\":\"Route not found\"}","service":"rider-service","timestamp":"2026-08-11 13:31:10"}
{"level":"info","message":"Order CM1786435189806814 assigned to rider sandeep","service":"rider-service","timestamp":"2026-08-11 13:31:10"}
